Filename,Title,Description,Keywords,License
meulindo_A_collection_of_hands_some_adorned_with_jewelry_othe_6674c936-cfba-43c6-ad93-deda45cc58ed_1,,,,Free
meulindo_A_cozy_home_office_with_a_backdrop_of_bookshelves_an_40c5d1b1-41ee-46fc-9f20-936e6807d0f1_0,,,,Free
meulindo_A_cozy_home_office_with_a_backdrop_of_bookshelves_an_40c5d1b1-41ee-46fc-9f20-936e6807d0f1_2,,,,Free
meulindo_A_cozy_home_office_with_a_backdrop_of_bookshelves_an_40c5d1b1-41ee-46fc-9f20-936e6807d0f1_3,,,,Free
meulindo_A_cozy_home_office_with_a_backdrop_of_bookshelves_an_7b1ad80d-2f6d-48e3-a93a-9a95d5f07102_0,,,,Free
meulindo_A_cozy_home_office_with_a_backdrop_of_bookshelves_an_7b1ad80d-2f6d-48e3-a93a-9a95d5f07102_1,,,,Free
meulindo_A_cozy_home_office_with_a_backdrop_of_bookshelves_an_7b1ad80d-2f6d-48e3-a93a-9a95d5f07102_2,,,,Free
meulindo_A_cozy_home_office_with_a_backdrop_of_bookshelves_an_7b1ad80d-2f6d-48e3-a93a-9a95d5f07102_3,,,,Free
meulindo_A_cozy_living_room_bathed_in_soft_warm_light_from_th_b05e3a4a-65d8-4a09-a33d-9858da0906fa_0,,,,Free
meulindo_A_cozy_living_room_bathed_in_soft_warm_light_from_th_b05e3a4a-65d8-4a09-a33d-9858da0906fa_1,,,,Free
meulindo_A_cozy_living_room_bathed_in_soft_warm_light_from_th_b05e3a4a-65d8-4a09-a33d-9858da0906fa_2,,,,Free
meulindo_A_cozy_workspace_filled_with_natural_light_and_lush__3f4d3512-67b7-4281-912d-1f0131a9e74e_0,,,,Free
meulindo_A_cozy_workspace_filled_with_natural_light_and_lush__3f4d3512-67b7-4281-912d-1f0131a9e74e_1,,,,Free
meulindo_A_cozy_workspace_filled_with_natural_light_and_lush__3f4d3512-67b7-4281-912d-1f0131a9e74e_2,,,,Free
meulindo_A_cozy_workspace_filled_with_natural_light_and_lush__3f4d3512-67b7-4281-912d-1f0131a9e74e_3,,,,Free
meulindo_A_dimly_lit_room_is_illuminated_by_the_glow_of_vario_d0f36faa-178e-4a4a-b623-beb6d78e597e_0,,,,Free
meulindo_A_dimly_lit_room_is_illuminated_by_the_glow_of_vario_d0f36faa-178e-4a4a-b623-beb6d78e597e_1,,,,Free
meulindo_A_dimly_lit_room_is_illuminated_by_the_glow_of_vario_d0f36faa-178e-4a4a-b623-beb6d78e597e_2,,,,Free
meulindo_A_dimly_lit_room_is_illuminated_by_the_glow_of_vario_d0f36faa-178e-4a4a-b623-beb6d78e597e_3,,,,Free
meulindo_A_dimly_lit_room_with_a_wall_adorned_in_colorful_LED_03b48002-96a1-4598-a03d-2df133096eef_1,,,,Free
meulindo_A_diverse_group_of_individuals_can_be_seen_practicin_9dabfc14-2ed0-4fac-a507-b60a34137ab8_1,,,,Free
meulindo_A_diverse_group_of_individuals_can_be_seen_practicin_9dabfc14-2ed0-4fac-a507-b60a34137ab8_2,,,,Free
meulindo_A_diverse_group_of_individuals_can_be_seen_practicin_9dabfc14-2ed0-4fac-a507-b60a34137ab8_3,,,,Free
meulindo_A_diverse_group_of_individuals_engaged_in_a_variety__e9a9188f-8831-4de3-b801-b13056cf3680_1,,,,Free
meulindo_A_diverse_group_of_individuals_engage_in_a_lively_ou_7d80c182-4ccd-44b9-935b-6e60fbbe4774_0,,,,Free
meulindo_A_diverse_group_of_individuals_engage_in_deep_conver_badb93cb-516f-4aa9-9091-7d7e8e3d256c_1,,,,Free
meulindo_A_diverse_group_of_individuals_engage_in_deep_conver_badb93cb-516f-4aa9-9091-7d7e8e3d256c_2,,,,Free
meulindo_A_diverse_group_of_individuals_engage_in_various_min_217ec71c-c334-4b18-8d42-bba947d58904_2,,,,Free
meulindo_A_diverse_group_of_individuals_gather_in_a_cozy_livi_a713e897-8a6a-408e-8b77-0130da9bb553_1,,,,Free
meulindo_A_diverse_group_of_individuals_is_engaged_in_a_highe_1557d6e0-9512-48ae-b67a-9c6ef8f83b6b_0,,,,Free
meulindo_A_diverse_group_of_individuals_is_engaged_in_a_highe_1557d6e0-9512-48ae-b67a-9c6ef8f83b6b_1,,,,Free
meulindo_A_diverse_group_of_individuals_is_engaged_in_a_highe_1557d6e0-9512-48ae-b67a-9c6ef8f83b6b_3,,,,Free
meulindo_A_diverse_group_of_individuals_is_engaged_in_a_highe_dff84c1c-cea2-43bd-860d-9d4c6f35b5d4_0,,,,Free
meulindo_A_diverse_group_of_individuals_is_engaged_in_a_highe_dff84c1c-cea2-43bd-860d-9d4c6f35b5d4_1,,,,Free
meulindo_A_diverse_group_of_individuals_is_engaged_in_a_highe_dff84c1c-cea2-43bd-860d-9d4c6f35b5d4_2,,,,Free
meulindo_A_diverse_group_of_individuals_is_engaged_in_a_highe_dff84c1c-cea2-43bd-860d-9d4c6f35b5d4_3,,,,Free
meulindo_A_diverse_group_of_individuals_stand_together_on_a_r_f8aea355-9c81-4ae7-908b-67614b4dc559_0,,,,Free
meulindo_A_diverse_group_of_individuals_stand_together_on_a_r_f8aea355-9c81-4ae7-908b-67614b4dc559_1,,,,Free
meulindo_A_diverse_group_of_people_are_engaged_in_mindfulness_91414242-7ea5-4886-803d-13c91b28b2b0_0,,,,Free
meulindo_A_diverse_group_of_people_are_engaged_in_mindfulness_91414242-7ea5-4886-803d-13c91b28b2b0_2,,,,Free
meulindo_A_diverse_group_of_people_engage_in_deep_conversatio_6dc413a2-d1c1-40bb-aeb7-70fce14aa927_3,,,,Free
meulindo_A_diverse_group_of_people_engage_in_physical_activit_0a771a1e-0fbe-4f40-b6f1-96c886db4ca9_0,,,,Free
meulindo_A_diverse_group_of_people_engage_in_physical_activit_0a771a1e-0fbe-4f40-b6f1-96c886db4ca9_1,,,,Free
meulindo_A_diverse_group_of_people_engage_in_physical_activit_0a771a1e-0fbe-4f40-b6f1-96c886db4ca9_2,,,,Free
meulindo_A_diverse_group_of_professionals_are_visible_each_en_0c1e2852-e97a-4856-8358-9333c1dcebb5_0,,,,Free
meulindo_A_diverse_group_of_professionals_are_visible_each_en_0c1e2852-e97a-4856-8358-9333c1dcebb5_1,,,,Free
meulindo_A_figure_stands_alone_at_the_edge_of_a_cliff_overloo_f6fd8761-4343-4879-b859-e12d5ed2ea95_0,,,,Free
meulindo_A_figure_stands_alone_at_the_edge_of_a_cliff_overloo_f6fd8761-4343-4879-b859-e12d5ed2ea95_1,,,,Free
meulindo_A_figure_stands_alone_at_the_edge_of_a_cliff_overloo_f6fd8761-4343-4879-b859-e12d5ed2ea95_2,,,,Free
meulindo_A_figure_stands_alone_at_the_edge_of_a_cliff_overloo_f6fd8761-4343-4879-b859-e12d5ed2ea95_3,,,,Free
meulindo_A_figure_stands_alone_on_the_edge_of_a_rugged_cliff__c9772e35-9de7-40ae-a3c9-228f93c89e91_0,,,,Free
meulindo_A_figure_stands_alone_on_the_edge_of_a_rugged_cliff__c9772e35-9de7-40ae-a3c9-228f93c89e91_1,,,,Free
meulindo_A_figure_stands_alone_on_the_edge_of_a_rugged_cliff__c9772e35-9de7-40ae-a3c9-228f93c89e91_2,,,,Free
meulindo_A_figure_stands_alone_on_the_edge_of_a_rugged_cliff__c9772e35-9de7-40ae-a3c9-228f93c89e91_3,,,,Free
meulindo_A_figure_stands_alone_on_the_peak_of_a_rugged_mounta_2b3fc8f5-c78a-4e03-8e4e-8623ceecc14b_0,,,,Free
meulindo_A_figure_stands_alone_on_the_peak_of_a_rugged_mounta_2b3fc8f5-c78a-4e03-8e4e-8623ceecc14b_1,,,,Free
meulindo_A_figure_stands_alone_on_the_peak_of_a_rugged_mounta_2b3fc8f5-c78a-4e03-8e4e-8623ceecc14b_2,,,,Free
meulindo_A_figure_stands_alone_on_the_peak_of_a_rugged_mounta_2b3fc8f5-c78a-4e03-8e4e-8623ceecc14b_3,,,,Free
meulindo_A_group_of_diverse_individuals_gather_around_a_commu_0dbd52d4-e78a-4bf9-803b-bf13837425de_0,,,,Free
meulindo_A_group_of_diverse_individuals_gather_around_a_commu_0dbd52d4-e78a-4bf9-803b-bf13837425de_2,,,,Free
meulindo_A_group_of_individuals_gather_around_a_crackling_bon_61f50971-1179-48fd-af60-01e8f2003ef6_0,,,,Free
meulindo_A_group_of_individuals_gather_around_a_crackling_bon_61f50971-1179-48fd-af60-01e8f2003ef6_1,,,,Free
meulindo_A_group_of_individuals_gather_around_a_crackling_bon_61f50971-1179-48fd-af60-01e8f2003ef6_2,,,,Free
meulindo_A_group_of_individuals_gather_around_a_crackling_bon_61f50971-1179-48fd-af60-01e8f2003ef6_3,,,,Free
meulindo_A_group_of_individuals_stand_atop_a_rocky_cliff_over_7d956941-b27f-4207-868d-208a73f825e3_0,,,,Free
meulindo_A_group_of_individuals_stand_atop_a_rocky_cliff_over_7d956941-b27f-4207-868d-208a73f825e3_1,,,,Free
meulindo_A_group_of_individuals_stand_atop_a_rocky_cliff_over_7d956941-b27f-4207-868d-208a73f825e3_2,,,,Free
meulindo_A_group_of_individuals_stand_atop_a_rocky_cliff_over_7d956941-b27f-4207-868d-208a73f825e3_3,,,,Free
meulindo_A_group_of_individuals_stand_on_a_beach_at_sunset_th_c54d4c8f-cc3b-4d66-b1b6-5b54f41d16f5_0,,,,Free
meulindo_A_group_of_individuals_stand_on_a_beach_at_sunset_th_c54d4c8f-cc3b-4d66-b1b6-5b54f41d16f5_1,,,,Free
meulindo_A_group_of_individuals_stand_on_a_beach_at_sunset_th_c54d4c8f-cc3b-4d66-b1b6-5b54f41d16f5_3,,,,Free
meulindo_A_lone_figure_stands_atop_a_mountain_peak_gazing_out_6026195c-171f-425d-ba74-686302fca53f_0,,,,Free
meulindo_A_lone_figure_stands_atop_a_mountain_peak_gazing_out_6026195c-171f-425d-ba74-686302fca53f_1,,,,Free
meulindo_A_lone_figure_stands_atop_a_mountain_peak_gazing_out_6026195c-171f-425d-ba74-686302fca53f_2,,,,Free
meulindo_A_lone_figure_stands_atop_a_mountain_peak_gazing_out_6026195c-171f-425d-ba74-686302fca53f_3,,,,Free
meulindo_A_lone_figure_stands_atop_a_rocky_cliff_facing_a_tur_49243b7b-5d9b-4b43-99f3-9984b50a3146_0,,,,Free
meulindo_A_lone_figure_stands_atop_a_rocky_cliff_facing_a_tur_49243b7b-5d9b-4b43-99f3-9984b50a3146_1,,,,Free
meulindo_A_lone_figure_stands_atop_a_rocky_cliff_facing_a_tur_49243b7b-5d9b-4b43-99f3-9984b50a3146_2,,,,Free
meulindo_A_lone_figure_stands_atop_a_rocky_cliff_facing_a_tur_49243b7b-5d9b-4b43-99f3-9984b50a3146_3,,,,Free
meulindo_A_lone_figure_stands_atop_a_rocky_cliff_gazing_out_a_9348b861-10db-4bc6-938f-753e2d2d4926_0,,,,Free
meulindo_A_lone_figure_stands_atop_a_rocky_cliff_gazing_out_a_9348b861-10db-4bc6-938f-753e2d2d4926_1,,,,Free
meulindo_A_lone_figure_stands_atop_a_rocky_cliff_gazing_out_a_9348b861-10db-4bc6-938f-753e2d2d4926_2,,,,Free
meulindo_A_lone_figure_stands_atop_a_rocky_cliff_gazing_out_a_9348b861-10db-4bc6-938f-753e2d2d4926_3,,,,Free
meulindo_A_lone_figure_stands_atop_a_rocky_cliff_gazing_out_a_b0782c22-68bf-4f4f-abf8-7b17245f844e_1,,,,Free
meulindo_A_lone_figure_stands_atop_a_rocky_cliff_gazing_out_a_b0782c22-68bf-4f4f-abf8-7b17245f844e_2,,,,Free
meulindo_A_lone_figure_stands_atop_a_rocky_cliff_gazing_out_a_b0782c22-68bf-4f4f-abf8-7b17245f844e_3,,,,Free
meulindo_A_lone_figure_stands_atop_a_rocky_cliff_gazing_out_a_b7fbcaf2-6fda-4731-8da9-4fb3f39e8527_0,,,,Free
meulindo_A_lone_figure_stands_atop_a_rocky_cliff_gazing_out_a_b7fbcaf2-6fda-4731-8da9-4fb3f39e8527_2,,,,Free
meulindo_A_lone_figure_stands_atop_a_rocky_cliff_gazing_out_a_b7fbcaf2-6fda-4731-8da9-4fb3f39e8527_3,,,,Free
meulindo_A_lone_figure_stands_atop_a_rocky_cliff_gazing_out_a_b8fe0592-9e14-4d6e-af3d-91e469ae74bc_0,,,,Free
meulindo_A_lone_figure_stands_atop_a_rocky_cliff_gazing_out_a_b8fe0592-9e14-4d6e-af3d-91e469ae74bc_1,,,,Free
meulindo_A_lone_figure_stands_atop_a_rocky_cliff_gazing_out_a_b8fe0592-9e14-4d6e-af3d-91e469ae74bc_2,,,,Free
meulindo_A_lone_figure_stands_atop_a_rocky_cliff_gazing_out_a_b8fe0592-9e14-4d6e-af3d-91e469ae74bc_3,,,,Free
meulindo_A_lone_figure_stands_atop_a_rocky_cliff_gazing_out_a_e973db21-154e-4a75-bb67-7fd16cfbf8f2_0,,,,Free
meulindo_A_lone_figure_stands_atop_a_rocky_cliff_gazing_out_a_e973db21-154e-4a75-bb67-7fd16cfbf8f2_1,,,,Free
meulindo_A_lone_figure_stands_atop_a_rocky_cliff_gazing_out_a_e973db21-154e-4a75-bb67-7fd16cfbf8f2_2,,,,Free
meulindo_A_lone_figure_stands_atop_a_rocky_cliff_gazing_out_a_e973db21-154e-4a75-bb67-7fd16cfbf8f2_3,,,,Free
meulindo_A_lone_figure_stands_atop_a_rocky_cliff_overlooking__928bc491-0b22-480f-90f3-9d28153fa4da_0,,,,Free
meulindo_A_lone_figure_stands_atop_a_rocky_cliff_overlooking__928bc491-0b22-480f-90f3-9d28153fa4da_1,,,,Free
meulindo_A_lone_figure_stands_atop_a_rocky_cliff_overlooking__928bc491-0b22-480f-90f3-9d28153fa4da_2,,,,Free
meulindo_A_lone_figure_stands_atop_a_rocky_cliff_overlooking__928bc491-0b22-480f-90f3-9d28153fa4da_3,,,,Free
meulindo_A_lone_figure_stands_atop_a_rocky_cliff_overlooking__f313d6d6-2b05-4578-97cc-d2abc05647e7_0,,,,Free
meulindo_A_lone_figure_stands_atop_a_rocky_cliff_overlooking__f313d6d6-2b05-4578-97cc-d2abc05647e7_1,,,,Free
meulindo_A_lone_figure_stands_atop_a_rocky_cliff_overlooking__f313d6d6-2b05-4578-97cc-d2abc05647e7_2,,,,Free
meulindo_A_lone_figure_stands_atop_a_rocky_cliff_overlooking__f313d6d6-2b05-4578-97cc-d2abc05647e7_3,,,,Free
meulindo_A_lone_figure_stands_atop_a_rocky_mountain_peak_arms_f06b4552-bc48-4b83-b43f-b47440f3185f_0,,,,Free
meulindo_A_lone_figure_stands_atop_a_rocky_mountain_peak_arms_f06b4552-bc48-4b83-b43f-b47440f3185f_1,,,,Free
meulindo_A_lone_figure_stands_atop_a_rocky_mountain_peak_arms_f06b4552-bc48-4b83-b43f-b47440f3185f_2,,,,Free
meulindo_A_lone_figure_stands_atop_a_rocky_mountain_peak_arms_f06b4552-bc48-4b83-b43f-b47440f3185f_3,,,,Free
meulindo_A_lone_figure_stands_atop_a_rocky_mountain_peak_silh_0c581356-2168-4e0f-b2d0-3a639e84f977_0,,,,Free
meulindo_A_lone_figure_stands_atop_a_rocky_mountain_peak_silh_0c581356-2168-4e0f-b2d0-3a639e84f977_1,,,,Free
meulindo_A_lone_figure_stands_atop_a_rocky_mountain_peak_silh_0c581356-2168-4e0f-b2d0-3a639e84f977_2,,,,Free
meulindo_A_lone_figure_stands_atop_a_rocky_mountain_peak_silh_0c581356-2168-4e0f-b2d0-3a639e84f977_3,,,,Free
meulindo_A_lone_figure_stands_atop_a_rugged_mountain_a_silhou_c97a45d6-e5e1-4b3d-9ced-bfaf66e07b61_0,,,,Free
meulindo_A_lone_figure_stands_atop_a_rugged_mountain_a_silhou_c97a45d6-e5e1-4b3d-9ced-bfaf66e07b61_1,,,,Free
meulindo_A_lone_figure_stands_atop_a_rugged_mountain_a_silhou_c97a45d6-e5e1-4b3d-9ced-bfaf66e07b61_2,,,,Free
meulindo_A_lone_figure_stands_atop_a_rugged_mountain_a_silhou_c97a45d6-e5e1-4b3d-9ced-bfaf66e07b61_3,,,,Free
meulindo_A_lone_figure_stands_atop_a_rugged_mountain_peak_gaz_84b1a783-913b-47cf-b39d-c47151c831f1_0,,,,Free
meulindo_A_lone_figure_stands_atop_a_rugged_mountain_peak_gaz_84b1a783-913b-47cf-b39d-c47151c831f1_1,,,,Free
meulindo_A_lone_figure_stands_atop_a_rugged_mountain_peak_gaz_84b1a783-913b-47cf-b39d-c47151c831f1_2,,,,Free
meulindo_A_lone_figure_stands_atop_a_rugged_mountain_peak_gaz_84b1a783-913b-47cf-b39d-c47151c831f1_3,,,,Free
meulindo_A_lone_figure_stands_atop_a_rugged_mountain_peak_sil_1daabd2f-dce8-4f46-b426-c84a20144f98_0,,,,Free
meulindo_A_lone_figure_stands_atop_a_rugged_mountain_peak_sil_1daabd2f-dce8-4f46-b426-c84a20144f98_1,,,,Free
meulindo_A_lone_figure_stands_atop_a_rugged_mountain_peak_sil_1daabd2f-dce8-4f46-b426-c84a20144f98_2,,,,Free
meulindo_A_lone_figure_stands_atop_a_rugged_mountain_peak_sil_1daabd2f-dce8-4f46-b426-c84a20144f98_3,,,,Free
meulindo_A_lone_figure_stands_atop_a_rugged_mountain_peak_sil_f54bdf12-0169-4ff1-9d00-3909294bfcbd_0,,,,Free
meulindo_A_lone_figure_stands_atop_a_rugged_mountain_peak_sil_f54bdf12-0169-4ff1-9d00-3909294bfcbd_1,,,,Free
meulindo_A_lone_figure_stands_atop_a_rugged_mountain_peak_sil_f54bdf12-0169-4ff1-9d00-3909294bfcbd_2,,,,Free
meulindo_A_lone_figure_stands_atop_a_rugged_mountain_peak_sil_f54bdf12-0169-4ff1-9d00-3909294bfcbd_3,,,,Free
meulindo_A_lone_figure_stands_atop_a_rugged_mountain_peak_sil_fffb0484-f9b0-4f7c-8ffb-6ec6c9fd1a12_1,,,,Free
meulindo_A_lone_figure_stands_atop_a_rugged_mountain_peak_sil_fffb0484-f9b0-4f7c-8ffb-6ec6c9fd1a12_2,,,,Free
meulindo_A_lone_figure_stands_atop_a_rugged_mountain_peak_sil_fffb0484-f9b0-4f7c-8ffb-6ec6c9fd1a12_3,,,,Free
meulindo_A_lone_figure_stands_atop_a_rugged_mountain_peak_the_64b74242-fdef-4fbc-aff8-9086b0c1b94a_0,,,,Free
meulindo_A_lone_figure_stands_atop_a_rugged_mountain_peak_the_64b74242-fdef-4fbc-aff8-9086b0c1b94a_1,,,,Free
meulindo_A_lone_figure_stands_atop_a_rugged_mountain_peak_the_64b74242-fdef-4fbc-aff8-9086b0c1b94a_2,,,,Free
meulindo_A_lone_figure_stands_atop_a_rugged_mountain_peak_the_64b74242-fdef-4fbc-aff8-9086b0c1b94a_3,,,,Free
meulindo_A_lone_figure_stands_atop_a_steep_and_rugged_mountai_ab222ba7-a6d1-4a0f-80d1-97fa8ed8a9a9_0,,,,Free
meulindo_A_lone_figure_stands_atop_a_steep_and_rugged_mountai_ab222ba7-a6d1-4a0f-80d1-97fa8ed8a9a9_1,,,,Free
meulindo_A_lone_figure_stands_atop_a_steep_and_rugged_mountai_ab222ba7-a6d1-4a0f-80d1-97fa8ed8a9a9_2,,,,Free
meulindo_A_lone_figure_stands_atop_a_steep_and_rugged_mountai_ab222ba7-a6d1-4a0f-80d1-97fa8ed8a9a9_3,,,,Free
meulindo_A_lone_figure_stands_atop_a_windswept_cliff_gazing_o_243aa5a8-d3a8-47f5-aa3d-ada7bb04611b_0,,,,Free
meulindo_A_lone_figure_stands_atop_a_windswept_cliff_gazing_o_243aa5a8-d3a8-47f5-aa3d-ada7bb04611b_1,,,,Free
meulindo_A_lone_figure_stands_atop_a_windswept_cliff_gazing_o_243aa5a8-d3a8-47f5-aa3d-ada7bb04611b_2,,,,Free
meulindo_A_lone_figure_stands_atop_a_windswept_cliff_gazing_o_243aa5a8-d3a8-47f5-aa3d-ada7bb04611b_3,,,,Free
meulindo_A_lone_figure_stands_atop_a_windswept_cliff_gazing_o_c109519f-4d7b-478f-a14b-2ee8ff3967b5_0,,,,Free
meulindo_A_lone_figure_stands_atop_a_windswept_cliff_gazing_o_c109519f-4d7b-478f-a14b-2ee8ff3967b5_1,,,,Free
meulindo_A_lone_figure_stands_atop_a_windswept_cliff_gazing_o_c109519f-4d7b-478f-a14b-2ee8ff3967b5_2,,,,Free
meulindo_A_lone_figure_stands_atop_a_windswept_cliff_gazing_o_c109519f-4d7b-478f-a14b-2ee8ff3967b5_3,,,,Free
meulindo_A_lone_figure_stands_atop_a_windswept_cliff_gazing_o_e23687cd-6806-4125-b3f5-cd5d8798628e_0,,,,Free
meulindo_A_lone_figure_stands_atop_a_windswept_cliff_gazing_o_e23687cd-6806-4125-b3f5-cd5d8798628e_1,,,,Free
meulindo_A_lone_figure_stands_atop_a_windswept_cliff_gazing_o_e23687cd-6806-4125-b3f5-cd5d8798628e_2,,,,Free
meulindo_A_lone_figure_stands_atop_a_windswept_cliff_gazing_o_e23687cd-6806-4125-b3f5-cd5d8798628e_3,,,,Free
meulindo_A_lone_figure_stands_at_the_edge_of_a_cliff_overlook_44035660-c7b7-4fb1-9413-c6a9ac4d8b53_0,,,,Free
meulindo_A_lone_figure_stands_at_the_edge_of_a_cliff_overlook_44035660-c7b7-4fb1-9413-c6a9ac4d8b53_1,,,,Free
meulindo_A_lone_figure_stands_at_the_edge_of_a_cliff_overlook_44035660-c7b7-4fb1-9413-c6a9ac4d8b53_2,,,,Free
meulindo_A_lone_figure_stands_at_the_edge_of_a_cliff_overlook_44035660-c7b7-4fb1-9413-c6a9ac4d8b53_3,,,,Free
meulindo_A_lone_figure_stands_at_the_edge_of_a_cliff_overlook_4bd00b67-02b4-4785-b989-5037003bf565_0,,,,Free
meulindo_A_lone_figure_stands_at_the_edge_of_a_cliff_overlook_4bd00b67-02b4-4785-b989-5037003bf565_1,,,,Free
meulindo_A_lone_figure_stands_at_the_edge_of_a_cliff_overlook_4bd00b67-02b4-4785-b989-5037003bf565_2,,,,Free
meulindo_A_lone_figure_stands_at_the_edge_of_a_cliff_overlook_4bd00b67-02b4-4785-b989-5037003bf565_3,,,,Free
meulindo_A_lone_figure_stands_at_the_edge_of_a_rocky_cliff_ga_793f4c77-cce3-4c60-ad28-167476abfbe4_0,,,,Free
meulindo_A_lone_figure_stands_at_the_edge_of_a_rocky_cliff_ga_793f4c77-cce3-4c60-ad28-167476abfbe4_1,,,,Free
meulindo_A_lone_figure_stands_at_the_edge_of_a_rocky_cliff_ga_793f4c77-cce3-4c60-ad28-167476abfbe4_2,,,,Free
meulindo_A_lone_figure_stands_at_the_edge_of_a_rocky_cliff_ga_793f4c77-cce3-4c60-ad28-167476abfbe4_3,,,,Free
meulindo_A_lone_figure_stands_at_the_edge_of_a_rocky_cliff_ov_3ce3b65c-b2e6-4e3f-8d1b-932b090b87e5_0,,,,Free
meulindo_A_lone_figure_stands_at_the_edge_of_a_rocky_cliff_ov_3ce3b65c-b2e6-4e3f-8d1b-932b090b87e5_2,,,,Free
meulindo_A_lone_figure_stands_at_the_edge_of_a_rocky_cliff_ov_3ce3b65c-b2e6-4e3f-8d1b-932b090b87e5_3,,,,Free
meulindo_A_lone_figure_stands_at_the_edge_of_a_rugged_cliff_g_77ae4a49-cd36-474d-9e3f-042d601d1693_0,,,,Free
meulindo_A_lone_figure_stands_at_the_edge_of_a_rugged_cliff_g_77ae4a49-cd36-474d-9e3f-042d601d1693_1,,,,Free
meulindo_A_lone_figure_stands_at_the_edge_of_a_rugged_cliff_g_77ae4a49-cd36-474d-9e3f-042d601d1693_2,,,,Free
meulindo_A_lone_figure_stands_at_the_edge_of_a_rugged_cliff_g_77ae4a49-cd36-474d-9e3f-042d601d1693_3,,,,Free
meulindo_A_lone_figure_stands_at_the_edge_of_a_rugged_cliff_o_8d98fcd1-24d9-4c74-aa93-44f7a2930c2b_0,,,,Free
meulindo_A_lone_figure_stands_at_the_edge_of_a_rugged_cliff_o_8d98fcd1-24d9-4c74-aa93-44f7a2930c2b_1,,,,Free
meulindo_A_lone_figure_stands_at_the_edge_of_a_rugged_cliff_o_8d98fcd1-24d9-4c74-aa93-44f7a2930c2b_2,,,,Free
meulindo_A_lone_figure_stands_at_the_edge_of_a_rugged_cliff_o_8d98fcd1-24d9-4c74-aa93-44f7a2930c2b_3,,,,Free
meulindo_A_lone_figure_stands_at_the_edge_of_a_rugged_cliff_o_a2538789-5e32-4e0d-a072-662fb0d99cd8_0,,,,Free
meulindo_A_lone_figure_stands_at_the_edge_of_a_rugged_cliff_o_a2538789-5e32-4e0d-a072-662fb0d99cd8_1,,,,Free
meulindo_A_lone_figure_stands_at_the_edge_of_a_rugged_cliff_o_a2538789-5e32-4e0d-a072-662fb0d99cd8_2,,,,Free
meulindo_A_lone_figure_stands_at_the_edge_of_a_rugged_cliff_o_a2538789-5e32-4e0d-a072-662fb0d99cd8_3,,,,Free
meulindo_A_lone_figure_stands_at_the_edge_of_a_rugged_cliff_o_b8b063e9-82f3-441a-8144-6bdea844306d_0,,,,Free
meulindo_A_lone_figure_stands_at_the_edge_of_a_rugged_cliff_o_b8b063e9-82f3-441a-8144-6bdea844306d_1,,,,Free
meulindo_A_lone_figure_stands_at_the_edge_of_a_rugged_cliff_o_b8b063e9-82f3-441a-8144-6bdea844306d_2,,,,Free
meulindo_A_lone_figure_stands_at_the_edge_of_a_rugged_cliff_o_b8b063e9-82f3-441a-8144-6bdea844306d_3,,,,Free
meulindo_A_lone_figure_stands_at_the_edge_of_a_rugged_cliff_o_c5e11e8f-fe7e-4fd4-be0a-6a3f1e39ec85_0,,,,Free
meulindo_A_lone_figure_stands_at_the_edge_of_a_rugged_cliff_o_c5e11e8f-fe7e-4fd4-be0a-6a3f1e39ec85_1,,,,Free
meulindo_A_lone_figure_stands_at_the_edge_of_a_rugged_cliff_o_c5e11e8f-fe7e-4fd4-be0a-6a3f1e39ec85_2,,,,Free
meulindo_A_lone_figure_stands_at_the_edge_of_a_rugged_cliff_o_c5e11e8f-fe7e-4fd4-be0a-6a3f1e39ec85_3,,,,Free
meulindo_A_lone_figure_stands_at_the_edge_of_a_towering_cliff_4fa95b61-813b-4ecf-8606-d1d6fa502a47_0,,,,Free
meulindo_A_lone_figure_stands_at_the_edge_of_a_towering_cliff_4fa95b61-813b-4ecf-8606-d1d6fa502a47_1,,,,Free
meulindo_A_lone_figure_stands_at_the_edge_of_a_towering_cliff_4fa95b61-813b-4ecf-8606-d1d6fa502a47_2,,,,Free
meulindo_A_lone_figure_stands_at_the_edge_of_a_towering_cliff_4fa95b61-813b-4ecf-8606-d1d6fa502a47_3,,,,Free
meulindo_A_lone_figure_stands_at_the_edge_of_a_verdant_forest_427bb31d-62b3-46d5-89aa-88179b06b80c_0,,,,Free
meulindo_A_lone_figure_stands_at_the_edge_of_a_verdant_forest_427bb31d-62b3-46d5-89aa-88179b06b80c_1,,,,Free
meulindo_A_lone_figure_stands_at_the_edge_of_a_verdant_forest_427bb31d-62b3-46d5-89aa-88179b06b80c_2,,,,Free
meulindo_A_lone_figure_stands_at_the_edge_of_a_verdant_forest_427bb31d-62b3-46d5-89aa-88179b06b80c_3,,,,Free
meulindo_A_lone_figure_stands_on_a_rocky_shore_facing_the_cra_d2682be1-0e56-4328-ba4e-ccba58a05f79_0,,,,Free
meulindo_A_lone_figure_stands_on_a_rocky_shore_facing_the_cra_d2682be1-0e56-4328-ba4e-ccba58a05f79_1,,,,Free
meulindo_A_lone_figure_stands_on_a_rocky_shore_facing_the_cra_d2682be1-0e56-4328-ba4e-ccba58a05f79_2,,,,Free
meulindo_A_lone_figure_stands_on_a_rocky_shore_facing_the_cra_d2682be1-0e56-4328-ba4e-ccba58a05f79_3,,,,Free
meulindo_A_lone_figure_stands_on_the_edge_of_a_precipice_gazi_56d4e925-2fca-4db7-bf88-f5d8e167ac4a_0,,,,Free
meulindo_A_lone_figure_stands_on_the_edge_of_a_precipice_gazi_56d4e925-2fca-4db7-bf88-f5d8e167ac4a_1,,,,Free
meulindo_A_lone_figure_stands_on_the_edge_of_a_precipice_gazi_56d4e925-2fca-4db7-bf88-f5d8e167ac4a_2,,,,Free
meulindo_A_lone_figure_stands_on_the_edge_of_a_precipice_gazi_56d4e925-2fca-4db7-bf88-f5d8e167ac4a_3,,,,Free
meulindo_A_lone_figure_stands_on_the_edge_of_a_precipice_gazi_a2d12977-9a8a-4d0d-bf40-5a3399162dbc_0,,,,Free
meulindo_A_lone_figure_stands_on_the_edge_of_a_precipice_gazi_a2d12977-9a8a-4d0d-bf40-5a3399162dbc_1,,,,Free
meulindo_A_lone_figure_stands_on_the_edge_of_a_precipice_gazi_a2d12977-9a8a-4d0d-bf40-5a3399162dbc_2,,,,Free
meulindo_A_lone_figure_stands_on_the_edge_of_a_precipice_gazi_a2d12977-9a8a-4d0d-bf40-5a3399162dbc_3,,,,Free
meulindo_A_lone_figure_stands_on_the_edge_of_a_rocky_cliff_ov_bad93ee3-9df6-4ee7-87eb-82a72c4dc9a3_0,,,,Free
meulindo_A_lone_figure_stands_on_the_edge_of_a_rocky_cliff_ov_bad93ee3-9df6-4ee7-87eb-82a72c4dc9a3_1,,,,Free
meulindo_A_lone_figure_stands_on_the_edge_of_a_rocky_cliff_ov_bad93ee3-9df6-4ee7-87eb-82a72c4dc9a3_2,,,,Free
meulindo_A_lone_figure_stands_on_the_edge_of_a_rocky_cliff_ov_bad93ee3-9df6-4ee7-87eb-82a72c4dc9a3_3,,,,Free
meulindo_A_lone_figure_stands_on_the_edge_of_a_rugged_cliff_o_1680b9a9-aba7-405d-923a-1cb340b0edf6_0,,,,Free
meulindo_A_lone_figure_stands_on_the_edge_of_a_rugged_cliff_o_1680b9a9-aba7-405d-923a-1cb340b0edf6_1,,,,Free
meulindo_A_lone_figure_stands_on_the_edge_of_a_rugged_cliff_o_1680b9a9-aba7-405d-923a-1cb340b0edf6_2,,,,Free
meulindo_A_lone_figure_stands_on_the_edge_of_a_rugged_cliff_o_1680b9a9-aba7-405d-923a-1cb340b0edf6_3,,,,Free
meulindo_A_lone_hiker_stands_atop_a_rugged_mountain_peak_gazi_f7ef2d74-a153-41d2-b06a-0e8c31106af1_0,,,,Free
meulindo_A_lone_hiker_stands_atop_a_rugged_mountain_peak_gazi_f7ef2d74-a153-41d2-b06a-0e8c31106af1_1,,,,Free
meulindo_A_lone_hiker_stands_atop_a_rugged_mountain_peak_gazi_f7ef2d74-a153-41d2-b06a-0e8c31106af1_2,,,,Free
meulindo_A_lone_hiker_stands_atop_a_rugged_mountain_peak_gazi_f7ef2d74-a153-41d2-b06a-0e8c31106af1_3,,,,Free
meulindo_A_lone_tree_its_branches_gnarled_and_weathered_stand_2d01ecf2-6904-4dae-946e-c8babfdb1462_0,,,,Free
meulindo_A_lone_tree_its_branches_gnarled_and_weathered_stand_2d01ecf2-6904-4dae-946e-c8babfdb1462_1,,,,Free
meulindo_A_lone_tree_its_branches_gnarled_and_weathered_stand_2d01ecf2-6904-4dae-946e-c8babfdb1462_2,,,,Free
meulindo_A_lone_tree_its_branches_gnarled_and_weathered_stand_2d01ecf2-6904-4dae-946e-c8babfdb1462_3,,,,Free
meulindo_A_lone_tree_its_branches_gnarled_and_weathered_stand_848f6786-7a17-4e73-940f-e706168b04c2_0,,,,Free
meulindo_A_lone_tree_its_branches_gnarled_and_weathered_stand_848f6786-7a17-4e73-940f-e706168b04c2_2,,,,Free
meulindo_A_lone_tree_its_branches_gnarled_and_weathered_stand_848f6786-7a17-4e73-940f-e706168b04c2_3,,,,Free
meulindo_A_lone_tree_stands_resilient_in_a_barren_desert_land_37f3fb96-8d69-4028-a1ba-10dfa8aa0eb4_0,,,,Free
meulindo_A_lone_tree_stands_resilient_in_a_barren_desert_land_37f3fb96-8d69-4028-a1ba-10dfa8aa0eb4_1,,,,Free
meulindo_A_lone_tree_stands_resilient_in_a_barren_desert_land_37f3fb96-8d69-4028-a1ba-10dfa8aa0eb4_2,,,,Free
meulindo_A_lone_tree_stands_resilient_in_a_barren_desert_land_37f3fb96-8d69-4028-a1ba-10dfa8aa0eb4_3,,,,Free
meulindo_A_lone_tree_stands_tall_and_proud_in_a_vast_and_rugg_4c2e99ec-bf2b-45fc-8963-fc6385cc8494_0,,,,Free
meulindo_A_lone_tree_stands_tall_and_proud_in_a_vast_and_rugg_4c2e99ec-bf2b-45fc-8963-fc6385cc8494_1,,,,Free
meulindo_A_lone_tree_stands_tall_and_proud_in_a_vast_and_rugg_4c2e99ec-bf2b-45fc-8963-fc6385cc8494_2,,,,Free
meulindo_A_lone_tree_stands_tall_and_proud_in_a_vast_and_rugg_4c2e99ec-bf2b-45fc-8963-fc6385cc8494_3,,,,Free
meulindo_A_lone_tree_stands_tall_and_resilient_atop_a_windswe_34b47e1e-c1b3-4d63-aee9-44b887bbf419_0,,,,Free
meulindo_A_lone_tree_stands_tall_and_resilient_atop_a_windswe_34b47e1e-c1b3-4d63-aee9-44b887bbf419_1,,,,Free
meulindo_A_lone_tree_stands_tall_and_resilient_atop_a_windswe_34b47e1e-c1b3-4d63-aee9-44b887bbf419_2,,,,Free
meulindo_A_lone_tree_stands_tall_and_resilient_atop_a_windswe_34b47e1e-c1b3-4d63-aee9-44b887bbf419_3,,,,Free
meulindo_A_lone_tree_stands_tall_and_strong_in_the_midst_of_a_199ab45f-1f72-4f60-aae9-c08d00ac79c4_0,,,,Free
meulindo_A_lone_tree_stands_tall_and_strong_in_the_midst_of_a_199ab45f-1f72-4f60-aae9-c08d00ac79c4_1,,,,Free
meulindo_A_lone_tree_stands_tall_and_strong_in_the_midst_of_a_199ab45f-1f72-4f60-aae9-c08d00ac79c4_2,,,,Free
meulindo_A_lone_tree_stands_tall_and_strong_in_the_midst_of_a_199ab45f-1f72-4f60-aae9-c08d00ac79c4_3,,,,Free
meulindo_A_lone_tree_stands_tall_its_branches_bare_against_a__c9f42bd4-9160-436a-bec2-441b9f5f97a1_0,,,,Free
meulindo_A_lone_tree_stands_tall_its_branches_bare_against_a__c9f42bd4-9160-436a-bec2-441b9f5f97a1_1,,,,Free
meulindo_A_lone_tree_stands_tall_its_branches_bare_against_a__c9f42bd4-9160-436a-bec2-441b9f5f97a1_2,,,,Free
meulindo_A_lone_tree_stands_tall_its_branches_bare_against_a__c9f42bd4-9160-436a-bec2-441b9f5f97a1_3,,,,Free
meulindo_A_lone_tree_stands_tall_on_a_rocky_cliff_its_branche_6e11633c-9c65-4bdb-a9ba-ff5f37bc4062_0,,,,Free
meulindo_A_lone_tree_stands_tall_on_a_rocky_cliff_its_branche_6e11633c-9c65-4bdb-a9ba-ff5f37bc4062_1,,,,Free
meulindo_A_lone_tree_stands_tall_on_a_rocky_cliff_its_branche_6e11633c-9c65-4bdb-a9ba-ff5f37bc4062_2,,,,Free
meulindo_A_lone_tree_stands_tall_on_a_rocky_cliff_its_branche_6e11633c-9c65-4bdb-a9ba-ff5f37bc4062_3,,,,Free
meulindo_A_lone_tree_stands_tall_on_a_rocky_cliff_its_branche_d1efe6b0-09c6-49a4-9f85-065e944bf4af_0,,,,Free
meulindo_A_lone_tree_stands_tall_on_a_rocky_cliff_its_branche_d1efe6b0-09c6-49a4-9f85-065e944bf4af_1,,,,Free
meulindo_A_lone_tree_stands_tall_on_a_rocky_cliff_its_branche_d1efe6b0-09c6-49a4-9f85-065e944bf4af_3,,,,Free
meulindo_A_lush_green_field_stretches_out_under_a_bright_blue_fc00c40f-0400-459c-b677-fbd7945104ad_0,,,,Free
meulindo_A_lush_green_field_stretches_out_under_a_bright_blue_fc00c40f-0400-459c-b677-fbd7945104ad_1,,,,Free
meulindo_A_lush_green_field_stretches_out_under_a_bright_blue_fc00c40f-0400-459c-b677-fbd7945104ad_2,,,,Free
meulindo_A_lush_green_field_stretches_out_under_a_bright_blue_fc00c40f-0400-459c-b677-fbd7945104ad_3,,,,Free
meulindo_A_misty_forest_envelops_two_figures_in_its_serene_em_199bb0ac-7a6d-485a-9787-d45ee0645007_0,,,,Free
meulindo_A_misty_forest_envelops_two_figures_in_its_serene_em_199bb0ac-7a6d-485a-9787-d45ee0645007_1,,,,Free
meulindo_A_misty_forest_envelops_two_figures_in_its_serene_em_199bb0ac-7a6d-485a-9787-d45ee0645007_2,,,,Free
meulindo_A_misty_forest_envelops_two_figures_in_its_serene_em_199bb0ac-7a6d-485a-9787-d45ee0645007_3,,,,Free
meulindo_A_misty_forest_envelops_two_figures_in_its_serene_em_8016fa0a-614b-406b-a200-1b71844eb492_0,,,,Free
meulindo_A_misty_forest_envelops_two_figures_in_its_serene_em_8016fa0a-614b-406b-a200-1b71844eb492_1,,,,Free
meulindo_A_misty_forest_envelops_two_figures_in_its_serene_em_8016fa0a-614b-406b-a200-1b71844eb492_2,,,,Free
meulindo_A_misty_forest_envelops_two_figures_in_its_serene_em_8016fa0a-614b-406b-a200-1b71844eb492_3,,,,Free
meulindo_A_modern_home_office_bathed_in_natural_light_feature_fe24b635-9653-4b6e-8ed6-5200f2666c12_0,,,,Free
meulindo_A_modern_home_office_bathed_in_natural_light_feature_fe24b635-9653-4b6e-8ed6-5200f2666c12_1,,,,Free
meulindo_A_modern_home_office_bathed_in_natural_light_feature_fe24b635-9653-4b6e-8ed6-5200f2666c12_2,,,,Free
meulindo_A_modern_home_office_bathed_in_natural_light_feature_fe24b635-9653-4b6e-8ed6-5200f2666c12_3,,,,Free
meulindo_A_mountain_climber_battered_by_the_elements_clings_t_40ffeab0-bd08-48b2-9d11-3a7f5ce70f0a_1,,,,Free
meulindo_A_mountain_climber_battered_by_the_elements_clings_t_40ffeab0-bd08-48b2-9d11-3a7f5ce70f0a_2,,,,Free
meulindo_A_mountain_climber_battered_by_the_elements_clings_t_40ffeab0-bd08-48b2-9d11-3a7f5ce70f0a_3,,,,Free
meulindo_A_mountain_climber_battered_by_the_elements_clings_t_c6c499e5-4b60-4df8-b40f-c7d700f63aa7_2,,,,Free
meulindo_A_peaceful_scene_unfolds_in_a_serene_forest_clearing_cf730062-ef23-452c-a196-393fee0182af_0,,,,Free
meulindo_A_peaceful_scene_unfolds_in_a_serene_forest_clearing_cf730062-ef23-452c-a196-393fee0182af_1,,,,Free
meulindo_A_peaceful_scene_unfolds_in_a_serene_forest_clearing_cf730062-ef23-452c-a196-393fee0182af_2,,,,Free
meulindo_A_peaceful_scene_unfolds_in_a_serene_forest_clearing_cf730062-ef23-452c-a196-393fee0182af_3,,,,Free
meulindo_A_peaceful_serene_meadow_is_drenched_in_golden_sunli_7ef4432e-9c06-4f0b-89f6-5a976e764ae4_0,,,,Free
meulindo_A_peaceful_serene_meadow_is_drenched_in_golden_sunli_7ef4432e-9c06-4f0b-89f6-5a976e764ae4_2,,,,Free
meulindo_A_peaceful_serene_meadow_is_drenched_in_golden_sunli_7ef4432e-9c06-4f0b-89f6-5a976e764ae4_3,,,,Free
meulindo_A_person_in_business_attire_sits_comfortably_in_a_co_27bd18dc-5657-4f19-ae33-ca6d9264ac1d_0,,,,Free
meulindo_A_person_in_business_attire_sits_comfortably_in_a_co_27bd18dc-5657-4f19-ae33-ca6d9264ac1d_1,,,,Free
meulindo_A_person_in_business_attire_sits_comfortably_in_a_co_27bd18dc-5657-4f19-ae33-ca6d9264ac1d_2,,,,Free
meulindo_A_person_in_casual_attire_sits_at_a_desk_in_a_modern_4760a02a-ba4d-4f99-8227-db1cbb501317_2,,,,Free
meulindo_A_person_is_sitting_crosslegged_on_a_wooden_dock_ove_28fac324-9bf6-428d-a8e4-990823d10189_3,,,,Free
meulindo_A_person_practices_yoga_on_a_lush_green_hilltop_surr_18fd0f7f-f02b-4d50-b50c-c4279ba910a5_0,,,,Free
meulindo_A_person_practices_yoga_on_a_lush_green_hilltop_surr_18fd0f7f-f02b-4d50-b50c-c4279ba910a5_1,,,,Free
meulindo_A_person_practices_yoga_on_a_lush_green_hilltop_surr_18fd0f7f-f02b-4d50-b50c-c4279ba910a5_2,,,,Free
meulindo_A_person_practices_yoga_on_a_lush_green_hilltop_surr_18fd0f7f-f02b-4d50-b50c-c4279ba910a5_3,,,,Free
meulindo_A_person_practices_yoga_on_a_lush_green_hilltop_surr_8517ffa9-c073-4a30-8c94-9ed6a17bb922_0,,,,Free
meulindo_A_person_practices_yoga_on_a_lush_green_hilltop_surr_8517ffa9-c073-4a30-8c94-9ed6a17bb922_1,,,,Free
meulindo_A_person_practices_yoga_on_a_lush_green_hilltop_surr_8517ffa9-c073-4a30-8c94-9ed6a17bb922_2,,,,Free
meulindo_A_person_practices_yoga_on_a_lush_green_hilltop_surr_8517ffa9-c073-4a30-8c94-9ed6a17bb922_3,,,,Free
meulindo_A_person_practices_yoga_on_a_peaceful_secluded_beach_1934851a-20a7-4352-b68c-9774a660cbed_0,,,,Free
meulindo_A_person_practices_yoga_on_a_peaceful_secluded_beach_1934851a-20a7-4352-b68c-9774a660cbed_1,,,,Free
meulindo_A_person_practices_yoga_on_a_peaceful_secluded_beach_1934851a-20a7-4352-b68c-9774a660cbed_2,,,,Free
meulindo_A_person_practices_yoga_on_a_peaceful_secluded_beach_1934851a-20a7-4352-b68c-9774a660cbed_3,,,,Free
meulindo_A_person_sits_alone_on_a_rocky_coastline_gazing_out__b8e8395a-f60b-4a46-9cc2-602e08d9205a_0,,,,Free
meulindo_A_person_sits_alone_on_a_rocky_coastline_gazing_out__b8e8395a-f60b-4a46-9cc2-602e08d9205a_1,,,,Free
meulindo_A_person_sits_alone_on_a_rocky_coastline_gazing_out__b8e8395a-f60b-4a46-9cc2-602e08d9205a_2,,,,Free
meulindo_A_person_sits_alone_on_a_rocky_coastline_gazing_out__b8e8395a-f60b-4a46-9cc2-602e08d9205a_3,,,,Free
meulindo_A_person_sits_at_a_sleek_modern_desk_surrounded_by_t_1eb483ab-de00-4dbc-9bb3-2ed7e30a3df6_0,,,,Free
meulindo_A_person_sits_at_a_sleek_modern_desk_surrounded_by_t_1eb483ab-de00-4dbc-9bb3-2ed7e30a3df6_2,,,,Free
meulindo_A_person_sits_at_a_sleek_modern_desk_surrounded_by_t_1eb483ab-de00-4dbc-9bb3-2ed7e30a3df6_3,,,,Free
meulindo_A_person_sits_crosslegged_by_a_calm_lake_surrounded__18bf1387-f7f5-4848-a2d6-810801f7d235_0,,,,Free
meulindo_A_person_sits_crosslegged_by_a_calm_lake_surrounded__18bf1387-f7f5-4848-a2d6-810801f7d235_1,,,,Free
meulindo_A_person_sits_crosslegged_by_a_calm_lake_surrounded__18bf1387-f7f5-4848-a2d6-810801f7d235_3,,,,Free
meulindo_A_person_sits_crosslegged_on_a_mosscovered_rock_surr_8fdc59ba-0bee-4018-8349-96ac95410d8f_2,,,,Free
meulindo_A_person_sits_crosslegged_on_a_mosscovered_rock_surr_8fdc59ba-0bee-4018-8349-96ac95410d8f_3,,,,Free
meulindo_A_person_sits_crosslegged_on_a_mossy_forest_floor_su_e275b600-1681-4100-a73a-5d7955a17518_0,,,,Free
meulindo_A_person_sits_crosslegged_on_a_mossy_forest_floor_su_e275b600-1681-4100-a73a-5d7955a17518_1,,,,Free
meulindo_A_person_sits_crosslegged_on_a_mossy_forest_floor_su_e275b600-1681-4100-a73a-5d7955a17518_3,,,,Free
meulindo_A_person_sits_crosslegged_on_a_rocky_perch_surrounde_84a4f3ea-d97c-4060-a574-4479d07b00bb_2,,,,Free
meulindo_A_person_sits_crosslegged_on_a_soft_grassy_patch_sur_293b2fd3-bac0-480a-b210-eddf2930c580_2,,,,Free
meulindo_A_person_sits_crosslegged_on_a_soft_grassy_patch_sur_293b2fd3-bac0-480a-b210-eddf2930c580_3,,,,Free
meulindo_A_person_sits_crosslegged_on_a_yoga_mat_in_a_sunlit__dfd57b7b-b9a3-4079-b13d-a67913097002_1,,,,Free
meulindo_A_person_sits_crosslegged_on_a_yoga_mat_in_a_sunlit__dfd57b7b-b9a3-4079-b13d-a67913097002_2,,,,Free
meulindo_A_person_sits_crosslegged_on_a_yoga_mat_in_a_sunlit__dfd57b7b-b9a3-4079-b13d-a67913097002_3,,,,Free
meulindo_A_person_sits_crosslegged_on_a_yoga_mat_surrounded_b_8f8c3bf7-ca6f-4877-b7c9-a87f3fc5771f_0,,,,Free
meulindo_A_person_sits_crosslegged_on_a_yoga_mat_surrounded_b_8f8c3bf7-ca6f-4877-b7c9-a87f3fc5771f_1,,,,Free
meulindo_A_person_sits_on_a_wooden_dock_gazing_out_at_a_seren_de7f5828-0b3b-4741-a995-2aa91cbae0ff_2,,,,Free
meulindo_A_person_sits_on_a_wooden_dock_gazing_out_at_a_seren_de7f5828-0b3b-4741-a995-2aa91cbae0ff_3,,,,Free
meulindo_A_person_sits_peacefully_in_a_cozy_sunlit_room_surro_cb1399ba-755a-46be-a1cd-c7310afe5fb6_0,,,,Free
meulindo_A_person_stands_alone_at_the_edge_of_a_rocky_cliff_g_9676f6b3-725a-4777-8a13-2b1a6641737a_0,,,,Free
meulindo_A_person_stands_alone_at_the_edge_of_a_rocky_cliff_g_9676f6b3-725a-4777-8a13-2b1a6641737a_1,,,,Free
meulindo_A_person_stands_alone_at_the_edge_of_a_rocky_cliff_g_9676f6b3-725a-4777-8a13-2b1a6641737a_2,,,,Free
meulindo_A_person_stands_alone_at_the_edge_of_a_rocky_cliff_g_9676f6b3-725a-4777-8a13-2b1a6641737a_3,,,,Free
meulindo_A_person_stands_alone_on_a_rocky_shore_waves_crashin_940e7375-bd16-4153-b444-d30bd0f42c24_0,,,,Free
meulindo_A_person_stands_alone_on_a_rocky_shore_waves_crashin_940e7375-bd16-4153-b444-d30bd0f42c24_1,,,,Free
meulindo_A_person_stands_alone_on_a_rocky_shore_waves_crashin_940e7375-bd16-4153-b444-d30bd0f42c24_2,,,,Free
meulindo_A_person_stands_alone_on_a_rocky_shore_waves_crashin_940e7375-bd16-4153-b444-d30bd0f42c24_3,,,,Free
meulindo_A_person_stands_atop_a_mountain_arms_outstretched_fa_a826e57b-859c-4f14-9f37-f82c74efd491_0,,,,Free
meulindo_A_person_stands_atop_a_mountain_arms_outstretched_fa_a826e57b-859c-4f14-9f37-f82c74efd491_1,,,,Free
meulindo_A_person_stands_atop_a_mountain_arms_outstretched_fa_a826e57b-859c-4f14-9f37-f82c74efd491_2,,,,Free
meulindo_A_person_stands_atop_a_mountain_arms_outstretched_fa_a826e57b-859c-4f14-9f37-f82c74efd491_3,,,,Free
meulindo_A_person_stands_atop_a_rugged_cliff_overlooking_a_va_78c246b9-8ff9-4d26-a502-76293aee08c9_0,,,,Free
meulindo_A_person_stands_atop_a_rugged_cliff_overlooking_a_va_78c246b9-8ff9-4d26-a502-76293aee08c9_1,,,,Free
meulindo_A_person_stands_atop_a_rugged_cliff_overlooking_a_va_78c246b9-8ff9-4d26-a502-76293aee08c9_2,,,,Free
meulindo_A_person_stands_atop_a_rugged_cliff_overlooking_a_va_78c246b9-8ff9-4d26-a502-76293aee08c9_3,,,,Free
meulindo_A_person_stands_atop_a_rugged_cliff_overlooking_a_va_9754c49f-858c-435e-97f8-f6f507affb66_0,,,,Free
meulindo_A_person_stands_atop_a_rugged_cliff_overlooking_a_va_9754c49f-858c-435e-97f8-f6f507affb66_1,,,,Free
meulindo_A_person_stands_atop_a_rugged_cliff_overlooking_a_va_9754c49f-858c-435e-97f8-f6f507affb66_2,,,,Free
meulindo_A_person_stands_atop_a_rugged_cliff_overlooking_a_va_9754c49f-858c-435e-97f8-f6f507affb66_3,,,,Free
meulindo_A_person_stands_atop_a_rugged_mountain_arms_outstret_2d03a344-a1ec-42ac-b781-3a0acc0072a8_0,,,,Free
meulindo_A_person_stands_atop_a_rugged_mountain_arms_outstret_2d03a344-a1ec-42ac-b781-3a0acc0072a8_1,,,,Free
meulindo_A_person_stands_atop_a_rugged_mountain_arms_outstret_2d03a344-a1ec-42ac-b781-3a0acc0072a8_2,,,,Free
meulindo_A_person_stands_atop_a_rugged_mountain_arms_outstret_750d27ba-d19c-4ade-8e5c-c3236373eebf_0,,,,Free
meulindo_A_person_stands_atop_a_rugged_mountain_arms_outstret_750d27ba-d19c-4ade-8e5c-c3236373eebf_1,,,,Free
meulindo_A_person_stands_atop_a_rugged_mountain_arms_outstret_750d27ba-d19c-4ade-8e5c-c3236373eebf_2,,,,Free
meulindo_A_person_stands_atop_a_rugged_mountain_arms_outstret_750d27ba-d19c-4ade-8e5c-c3236373eebf_3,,,,Free
meulindo_A_person_stands_at_the_edge_of_a_lush_forest_looking_b12d8af7-7188-45f4-b015-600dc931dab2_0,,,,Free
meulindo_A_person_stands_at_the_edge_of_a_lush_forest_looking_b12d8af7-7188-45f4-b015-600dc931dab2_1,,,,Free
meulindo_A_person_stands_at_the_edge_of_a_lush_forest_looking_b12d8af7-7188-45f4-b015-600dc931dab2_2,,,,Free
meulindo_A_person_stands_at_the_edge_of_a_lush_forest_looking_b12d8af7-7188-45f4-b015-600dc931dab2_3,,,,Free
meulindo_A_person_stands_on_a_rocky_cliff_overlooking_a_vast__5c2ba59d-478b-47d1-9760-9cfa253f3715_0,,,,Free
meulindo_A_person_stands_on_a_rocky_cliff_overlooking_a_vast__5c2ba59d-478b-47d1-9760-9cfa253f3715_1,,,,Free
meulindo_A_person_stands_on_a_rocky_cliff_overlooking_a_vast__5c2ba59d-478b-47d1-9760-9cfa253f3715_2,,,,Free
meulindo_A_person_stands_on_a_rocky_cliff_overlooking_a_vast__5c2ba59d-478b-47d1-9760-9cfa253f3715_3,,,,Free
meulindo_A_person_stands_on_a_rocky_shoreline_gazing_out_at_t_363ae426-4fa4-4b0a-88d2-4d0567f243e9_0,,,,Free
meulindo_A_person_stands_on_a_rocky_shoreline_gazing_out_at_t_363ae426-4fa4-4b0a-88d2-4d0567f243e9_1,,,,Free
meulindo_A_person_stands_on_a_rocky_shoreline_gazing_out_at_t_363ae426-4fa4-4b0a-88d2-4d0567f243e9_2,,,,Free
meulindo_A_person_stands_on_a_rocky_shoreline_gazing_out_at_t_363ae426-4fa4-4b0a-88d2-4d0567f243e9_3,,,,Free
meulindo_A_person_stands_on_a_rocky_shore_facing_a_vast_and_t_ae5894e0-bcdd-44d3-bb97-49dd3635fd03_0,,,,Free
meulindo_A_person_stands_on_a_rocky_shore_facing_a_vast_and_t_ae5894e0-bcdd-44d3-bb97-49dd3635fd03_1,,,,Free
meulindo_A_person_stands_on_a_rocky_shore_facing_a_vast_and_t_ae5894e0-bcdd-44d3-bb97-49dd3635fd03_2,,,,Free
meulindo_A_person_stands_on_a_rocky_shore_facing_a_vast_and_t_ae5894e0-bcdd-44d3-bb97-49dd3635fd03_3,,,,Free
meulindo_A_person_stands_on_a_rocky_shore_gazing_out_at_the_v_cd3ae096-3be2-40f6-8ff4-d3729dab1688_0,,,,Free
meulindo_A_person_stands_on_a_rocky_shore_gazing_out_at_the_v_cd3ae096-3be2-40f6-8ff4-d3729dab1688_1,,,,Free
meulindo_A_person_stands_on_a_rocky_shore_gazing_out_at_the_v_cd3ae096-3be2-40f6-8ff4-d3729dab1688_2,,,,Free
meulindo_A_person_stands_on_a_rocky_shore_gazing_out_at_the_v_cd3ae096-3be2-40f6-8ff4-d3729dab1688_3,,,,Free
meulindo_A_person_stands_on_the_edge_of_a_rocky_cliff_overloo_08cdd9c2-a19f-4d08-8edc-3e896a2ff938_0,,,,Free
meulindo_A_person_stands_on_the_edge_of_a_rocky_cliff_overloo_08cdd9c2-a19f-4d08-8edc-3e896a2ff938_1,,,,Free
meulindo_A_person_stands_on_the_edge_of_a_rocky_cliff_overloo_08cdd9c2-a19f-4d08-8edc-3e896a2ff938_2,,,,Free
meulindo_A_person_stands_on_the_edge_of_a_rocky_cliff_overloo_08cdd9c2-a19f-4d08-8edc-3e896a2ff938_3,,,,Free
meulindo_A_person_walks_alone_through_a_forest_the_dappled_su_4f70e105-a5ec-4ef7-bc01-0ff5af5060d5_0,,,,Free
meulindo_A_person_walks_alone_through_a_forest_the_dappled_su_4f70e105-a5ec-4ef7-bc01-0ff5af5060d5_1,,,,Free
meulindo_A_person_walks_alone_through_a_forest_the_dappled_su_4f70e105-a5ec-4ef7-bc01-0ff5af5060d5_2,,,,Free
meulindo_A_person_walks_alone_through_a_forest_the_dappled_su_4f70e105-a5ec-4ef7-bc01-0ff5af5060d5_3,,,,Free
meulindo_A_room_filled_with_varied_atmospheres_one_corner_bat_6102b219-56a5-493a-914c-d873c1244a6f_1,,,,Free
meulindo_A_room_filled_with_varied_atmospheres_one_corner_bat_6102b219-56a5-493a-914c-d873c1244a6f_2,,,,Free
meulindo_A_room_filled_with_varied_atmospheres_one_corner_bat_6102b219-56a5-493a-914c-d873c1244a6f_3,,,,Free
meulindo_A_secluded_forest_glade_bathed_in_dappled_sunlight_w_7cca3451-d9c4-4262-b045-38f21d497b63_2,,,,Free
meulindo_A_secluded_forest_glade_bathed_in_dappled_sunlight_w_7cca3451-d9c4-4262-b045-38f21d497b63_3,,,,Free
meulindo_A_serene_and_peaceful_forest_clearing_drenched_in_go_4cf99688-53f8-4fb3-ac9c-3a69fcbc1928_0,,,,Free
meulindo_A_serene_and_peaceful_forest_clearing_drenched_in_go_4cf99688-53f8-4fb3-ac9c-3a69fcbc1928_1,,,,Free
meulindo_A_serene_and_peaceful_forest_clearing_drenched_in_go_4cf99688-53f8-4fb3-ac9c-3a69fcbc1928_2,,,,Free
meulindo_A_serene_and_peaceful_forest_clearing_drenched_in_go_4cf99688-53f8-4fb3-ac9c-3a69fcbc1928_3,,,,Free
meulindo_A_serene_and_peaceful_scene_unfolds_in_a_lush_green__10876915-ac8d-4829-991a-f133ed703d01_0,,,,Free
meulindo_A_serene_and_peaceful_scene_unfolds_in_a_lush_green__10876915-ac8d-4829-991a-f133ed703d01_1,,,,Free
meulindo_A_serene_and_peaceful_scene_unfolds_in_a_lush_green__10876915-ac8d-4829-991a-f133ed703d01_2,,,,Free
meulindo_A_serene_and_peaceful_scene_unfolds_in_a_lush_green__a8201682-8ded-47e1-b7d4-1100af902c40_0,,,,Free
meulindo_A_serene_and_peaceful_scene_unfolds_in_a_lush_green__a8201682-8ded-47e1-b7d4-1100af902c40_2,,,,Free
meulindo_A_serene_and_peaceful_scene_unfolds_in_a_lush_green__a8201682-8ded-47e1-b7d4-1100af902c40_3,,,,Free
meulindo_A_serene_and_peaceful_scene_unfolds_in_a_lush_green__b9b3de1a-e333-4d95-981c-c238c0928302_0,,,,Free
meulindo_A_serene_and_peaceful_scene_unfolds_in_a_lush_green__b9b3de1a-e333-4d95-981c-c238c0928302_1,,,,Free
meulindo_A_serene_and_peaceful_scene_unfolds_in_a_lush_green__b9b3de1a-e333-4d95-981c-c238c0928302_2,,,,Free
meulindo_A_serene_and_peaceful_scene_unfolds_in_a_lush_green__b9b3de1a-e333-4d95-981c-c238c0928302_3,,,,Free
meulindo_A_serene_and_peaceful_scene_unfolds_in_nature_as_the_22dfc6cc-6b4f-4b8e-b4e0-09db07d75cc1_0,,,,Free
meulindo_A_serene_and_peaceful_scene_unfolds_in_nature_as_the_22dfc6cc-6b4f-4b8e-b4e0-09db07d75cc1_2,,,,Free
meulindo_A_serene_and_peaceful_scene_unfolds_in_nature_as_the_22dfc6cc-6b4f-4b8e-b4e0-09db07d75cc1_3,,,,Free
meulindo_A_serene_and_secluded_forest_clearing_bathed_in_the__03b6b5e0-b7c1-49d0-afbe-ea25a544d8ee_0,,,,Free
meulindo_A_serene_and_secluded_forest_clearing_bathed_in_the__03b6b5e0-b7c1-49d0-afbe-ea25a544d8ee_1,,,,Free
meulindo_A_serene_and_tranquil_forest_clearing_nestled_within_5adc6e48-44ef-447d-9b65-f58f1e493d38_0,,,,Free
meulindo_A_serene_and_tranquil_forest_clearing_nestled_within_5adc6e48-44ef-447d-9b65-f58f1e493d38_2,,,,Free
meulindo_A_serene_and_tranquil_forest_clearing_nestled_within_5adc6e48-44ef-447d-9b65-f58f1e493d38_3,,,,Free
meulindo_A_serene_and_tranquil_forest_clearing_nestled_within_68698a98-8b36-4fca-8ea3-b66679ae435f_0,,,,Free
meulindo_A_serene_and_tranquil_forest_clearing_nestled_within_68698a98-8b36-4fca-8ea3-b66679ae435f_1,,,,Free
meulindo_A_serene_and_tranquil_forest_clearing_nestled_within_68698a98-8b36-4fca-8ea3-b66679ae435f_2,,,,Free
meulindo_A_serene_and_tranquil_forest_clearing_nestled_within_68698a98-8b36-4fca-8ea3-b66679ae435f_3,,,,Free
meulindo_A_serene_and_tranquil_forest_clearing_nestled_within_c717e102-0774-4d26-9674-7a684a155316_1,,,,Free
meulindo_A_serene_and_tranquil_forest_clearing_nestled_within_c717e102-0774-4d26-9674-7a684a155316_2,,,,Free
meulindo_A_serene_and_tranquil_scene_unfolds_as_people_engage_f8f9b1bc-e109-4ab4-9592-80ffa49549ae_1,,,,Free
meulindo_A_serene_and_tranquil_scene_unfolds_as_people_engage_f8f9b1bc-e109-4ab4-9592-80ffa49549ae_2,,,,Free
meulindo_A_serene_and_tranquil_scene_unfolds_as_people_engage_f8f9b1bc-e109-4ab4-9592-80ffa49549ae_3,,,,Free
meulindo_A_serene_and_tranquil_scene_unfolds_in_a_lush_sundap_4042c1d0-1129-4604-b992-afc812409b87_0,,,,Free
meulindo_A_serene_and_tranquil_scene_unfolds_in_a_lush_sundap_4042c1d0-1129-4604-b992-afc812409b87_2,,,,Free
meulindo_A_serene_and_tranquil_setting_with_soft_sunlight_fil_60740aa4-15e9-43fd-b07b-4708e0ed3bf6_0,,,,Free
meulindo_A_serene_and_tranquil_setting_with_soft_sunlight_fil_60740aa4-15e9-43fd-b07b-4708e0ed3bf6_2,,,,Free
meulindo_A_serene_figure_practices_yoga_on_a_lush_green_hill__24bb6d02-181b-46e4-b84c-e7d01f499c43_0,,,,Free
meulindo_A_serene_figure_practices_yoga_on_a_lush_green_hill__24bb6d02-181b-46e4-b84c-e7d01f499c43_1,,,,Free
meulindo_A_serene_figure_practices_yoga_on_a_lush_green_hill__24bb6d02-181b-46e4-b84c-e7d01f499c43_2,,,,Free
meulindo_A_serene_forest_clearing_bathed_in_soft_golden_light_49f0211b-4ed0-43f6-8a04-9a65f62da848_0,,,,Free
meulindo_A_serene_forest_clearing_bathed_in_soft_golden_light_49f0211b-4ed0-43f6-8a04-9a65f62da848_1,,,,Free
meulindo_A_serene_forest_clearing_bathed_in_soft_golden_light_49f0211b-4ed0-43f6-8a04-9a65f62da848_2,,,,Free
meulindo_A_serene_forest_clearing_bathed_in_soft_golden_light_49f0211b-4ed0-43f6-8a04-9a65f62da848_3,,,,Free
meulindo_A_serene_lakeside_landscape_bathed_in_the_soft_glow__d68f4340-d9f4-4be5-a6cf-2ae05158c4c7_0,,,,Free
meulindo_A_serene_lakeside_landscape_bathed_in_the_soft_glow__d68f4340-d9f4-4be5-a6cf-2ae05158c4c7_1,,,,Free
meulindo_A_serene_lakeside_landscape_bathed_in_the_soft_glow__d68f4340-d9f4-4be5-a6cf-2ae05158c4c7_3,,,,Free
meulindo_A_serene_lakeside_retreat_with_gentle_ripples_on_the_8b872f98-3c3c-45b3-acd5-88c3f87bb3f5_0,,,,Free
meulindo_A_serene_lakeside_retreat_with_gentle_ripples_on_the_8b872f98-3c3c-45b3-acd5-88c3f87bb3f5_1,,,,Free
meulindo_A_serene_lakeside_retreat_with_gentle_ripples_on_the_8b872f98-3c3c-45b3-acd5-88c3f87bb3f5_3,,,,Free
meulindo_A_serene_lakeside_setting_is_bathed_in_the_soft_hues_7235531f-87f4-46e5-9657-123c785ad26e_0,,,,Free
meulindo_A_serene_lakeside_setting_is_bathed_in_the_soft_hues_7235531f-87f4-46e5-9657-123c785ad26e_2,,,,Free
meulindo_A_serene_lakeside_setting_is_bathed_in_the_soft_hues_7235531f-87f4-46e5-9657-123c785ad26e_3,,,,Free
meulindo_A_serene_meadow_bathed_in_the_soft_light_of_dawn_wit_52946ab4-5c67-4886-bd09-0a8fe88382b5_0,,,,Free
meulindo_A_serene_meadow_bathed_in_the_soft_light_of_dawn_wit_52946ab4-5c67-4886-bd09-0a8fe88382b5_1,,,,Free
meulindo_A_serene_meadow_bathed_in_the_soft_light_of_dawn_wit_52946ab4-5c67-4886-bd09-0a8fe88382b5_2,,,,Free
meulindo_A_serene_meadow_bathed_in_the_soft_light_of_dawn_wit_52946ab4-5c67-4886-bd09-0a8fe88382b5_3,,,,Free
meulindo_A_serene_misty_forest_envelops_a_secluded_cabin_nest_4ebc0da9-dee8-41f8-9ac9-16073e64e314_0,,,,Free
meulindo_A_serene_misty_forest_envelops_a_secluded_cabin_nest_4ebc0da9-dee8-41f8-9ac9-16073e64e314_1,,,,Free
meulindo_A_serene_misty_forest_envelops_a_secluded_cabin_nest_4ebc0da9-dee8-41f8-9ac9-16073e64e314_2,,,,Free
meulindo_A_serene_misty_forest_envelops_a_secluded_cabin_nest_4ebc0da9-dee8-41f8-9ac9-16073e64e314_3,,,,Free
meulindo_A_serene_natural_setting_with_dappled_sunlight_filte_ee5bbaf1-729f-41d5-b0e5-6e2fec6550e4_1,,,,Free
meulindo_A_serene_natural_setting_with_dappled_sunlight_filte_ee5bbaf1-729f-41d5-b0e5-6e2fec6550e4_2,,,,Free
meulindo_A_serene_natural_setting_with_dappled_sunlight_filte_ee5bbaf1-729f-41d5-b0e5-6e2fec6550e4_3,,,,Free
meulindo_A_serene_natural_setting_with_soft_sunlight_filterin_95d16461-c3fc-4b75-bcbf-af443b1acaf1_0,,,,Free
meulindo_A_serene_natural_setting_with_soft_sunlight_filterin_95d16461-c3fc-4b75-bcbf-af443b1acaf1_1,,,,Free
meulindo_A_serene_natural_setting_with_soft_sunlight_filterin_95d16461-c3fc-4b75-bcbf-af443b1acaf1_3,,,,Free
meulindo_A_serene_outdoor_setting_featuring_a_peaceful_seclud_7fe7c75e-18b8-446f-a392-e05be9111bc8_0,,,,Free
meulindo_A_serene_outdoor_setting_featuring_a_peaceful_seclud_7fe7c75e-18b8-446f-a392-e05be9111bc8_1,,,,Free
meulindo_A_serene_outdoor_setting_featuring_a_peaceful_seclud_7fe7c75e-18b8-446f-a392-e05be9111bc8_2,,,,Free
meulindo_A_serene_outdoor_setting_featuring_a_peaceful_seclud_7fe7c75e-18b8-446f-a392-e05be9111bc8_3,,,,Free
meulindo_A_serene_peaceful_scene_unfolds_in_a_lush_garden_whe_c9c9bbe5-7335-4f43-8e5a-b6b6af855914_0,,,,Free
meulindo_A_serene_peaceful_scene_unfolds_in_a_lush_garden_whe_c9c9bbe5-7335-4f43-8e5a-b6b6af855914_1,,,,Free
meulindo_A_serene_scene_unfolds_as_a_figure_is_silhouetted_ag_a32cb080-da6f-4f9a-b180-03a192883924_0,,,,Free
meulindo_A_serene_scene_unfolds_as_a_figure_is_silhouetted_ag_a32cb080-da6f-4f9a-b180-03a192883924_1,,,,Free
meulindo_A_serene_scene_unfolds_as_a_figure_is_silhouetted_ag_a32cb080-da6f-4f9a-b180-03a192883924_2,,,,Free
meulindo_A_serene_scene_unfolds_as_a_figure_is_silhouetted_ag_a32cb080-da6f-4f9a-b180-03a192883924_3,,,,Free
meulindo_A_serene_scene_unfolds_as_a_figure_sits_in_a_sundren_6c8186c6-b4e2-4add-8feb-c608dd68bc33_0,,,,Free
meulindo_A_serene_scene_unfolds_as_a_figure_sits_in_a_sundren_6c8186c6-b4e2-4add-8feb-c608dd68bc33_1,,,,Free
meulindo_A_serene_scene_unfolds_as_a_figure_sits_in_a_sundren_6c8186c6-b4e2-4add-8feb-c608dd68bc33_3,,,,Free
meulindo_A_serene_scene_unfolds_as_soft_sunlight_filters_thro_6283eb2e-0956-45da-9a79-218a46934e7c_0,,,,Free
meulindo_A_serene_scene_unfolds_as_soft_sunlight_filters_thro_6283eb2e-0956-45da-9a79-218a46934e7c_1,,,,Free
meulindo_A_serene_scene_unfolds_as_soft_sunlight_filters_thro_6283eb2e-0956-45da-9a79-218a46934e7c_2,,,,Free
meulindo_A_serene_scene_unfolds_as_soft_sunlight_filters_thro_6283eb2e-0956-45da-9a79-218a46934e7c_3,,,,Free
meulindo_A_serene_scene_unfolds_as_soft_sunlight_filters_thro_6664e758-61f4-4493-90b6-6499d23635ec_0,,,,Free
meulindo_A_serene_scene_unfolds_as_soft_sunlight_filters_thro_6664e758-61f4-4493-90b6-6499d23635ec_1,,,,Free
meulindo_A_serene_scene_unfolds_as_soft_sunlight_filters_thro_6664e758-61f4-4493-90b6-6499d23635ec_2,,,,Free
meulindo_A_serene_scene_unfolds_as_soft_sunlight_filters_thro_6664e758-61f4-4493-90b6-6499d23635ec_3,,,,Free
meulindo_A_serene_spacious_room_with_soft_natural_light_filte_fc103fac-785a-444c-b340-225c06e7722e_0,,,,Free
meulindo_A_serene_spacious_room_with_soft_natural_light_filte_fc103fac-785a-444c-b340-225c06e7722e_1,,,,Free
meulindo_A_serene_spacious_room_with_soft_natural_light_filte_fc103fac-785a-444c-b340-225c06e7722e_2,,,,Free
meulindo_A_serene_spacious_room_with_soft_natural_light_filte_fc103fac-785a-444c-b340-225c06e7722e_3,,,,Free
meulindo_A_serene_sundappled_forest_clearing_nestled_between__cefd17ca-bad7-4de5-b46d-c1e585fa32d1_1,,,,Free
meulindo_A_serene_sundappled_forest_clearing_nestled_between__cefd17ca-bad7-4de5-b46d-c1e585fa32d1_3,,,,Free
meulindo_A_serene_sundappled_forest_clearing_offers_a_quiet_r_86619129-ab9e-4e65-9726-b7c8462e125c_0,,,,Free
meulindo_A_serene_sundappled_forest_clearing_offers_a_quiet_r_86619129-ab9e-4e65-9726-b7c8462e125c_1,,,,Free
meulindo_A_serene_sundappled_forest_clearing_offers_a_quiet_r_86619129-ab9e-4e65-9726-b7c8462e125c_3,,,,Free
meulindo_A_serene_sundappled_forest_clearing_provides_the_bac_b4af40bd-f381-4842-bec4-f2b7a701118e_0,,,,Free
meulindo_A_serene_sundappled_forest_clearing_provides_the_bac_b4af40bd-f381-4842-bec4-f2b7a701118e_3,,,,Free
meulindo_A_serene_sundappled_forest_glade_provides_the_perfec_16948d66-d7ee-4645-870e-52b79652d3d1_2,,,,Free
meulindo_A_serene_sundappled_forest_glade_provides_the_perfec_16948d66-d7ee-4645-870e-52b79652d3d1_3,,,,Free
meulindo_A_serene_sundappled_room_features_a_peaceful_setting_60197961-a6c0-4051-88cd-be0ce9f57d50_0,,,,Free
meulindo_A_serene_sundappled_room_features_a_peaceful_setting_60197961-a6c0-4051-88cd-be0ce9f57d50_1,,,,Free
meulindo_A_serene_sundappled_room_features_a_peaceful_setting_60197961-a6c0-4051-88cd-be0ce9f57d50_2,,,,Free
meulindo_A_serene_sundappled_room_features_a_peaceful_setting_60197961-a6c0-4051-88cd-be0ce9f57d50_3,,,,Free
meulindo_A_serene_sunlit_forest_clearing_provides_the_backdro_68f50bad-986d-46cc-af4d-3749e494bfec_3,,,,Free
meulindo_A_serene_sunlit_room_with_large_windows_and_billowin_84c84cc0-1e42-461c-ac80-c1f5de84621b_0,,,,Free
meulindo_A_serene_sunlit_room_with_large_windows_and_billowin_84c84cc0-1e42-461c-ac80-c1f5de84621b_2,,,,Free
meulindo_A_serene_sunlit_room_with_large_windows_and_billowin_84c84cc0-1e42-461c-ac80-c1f5de84621b_3,,,,Free
meulindo_A_serene_sunlit_room_with_large_windows_overlooks_a__ebf3f2a7-5c9c-4fd3-93e5-ea913a23d6c0_0,,,,Free
meulindo_A_serene_sunlit_room_with_large_windows_overlooks_a__ebf3f2a7-5c9c-4fd3-93e5-ea913a23d6c0_1,,,,Free
meulindo_A_serene_sunlit_room_with_large_windows_overlooks_a__ebf3f2a7-5c9c-4fd3-93e5-ea913a23d6c0_2,,,,Free
meulindo_A_serene_sunlit_room_with_large_windows_overlooks_a__ebf3f2a7-5c9c-4fd3-93e5-ea913a23d6c0_3,,,,Free
meulindo_A_serene_tranquil_scene_unfolds_along_the_shores_of__7de389ee-f8dc-49b3-8821-7db5f2e34447_0,,,,Free
meulindo_A_serene_tranquil_scene_unfolds_along_the_shores_of__7de389ee-f8dc-49b3-8821-7db5f2e34447_1,,,,Free
meulindo_A_serene_tranquil_scene_unfolds_along_the_shores_of__7de389ee-f8dc-49b3-8821-7db5f2e34447_2,,,,Free
meulindo_A_serene_tranquil_scene_unfolds_along_the_shores_of__7de389ee-f8dc-49b3-8821-7db5f2e34447_3,,,,Free
meulindo_A_serene_woman_sits_crosslegged_on_a_lush_sundappled_1992d4c9-ef7f-4f31-a839-f3c9187ec665_1,,,,Free
meulindo_A_serene_woman_sits_crosslegged_on_a_lush_sundappled_1992d4c9-ef7f-4f31-a839-f3c9187ec665_2,,,,Free
meulindo_A_serene_woman_sits_crosslegged_on_a_lush_sundappled_1992d4c9-ef7f-4f31-a839-f3c9187ec665_3,,,,Free
meulindo_A_serene_wooded_area_unfolds_before_the_viewer_with__40c02e80-e86d-40eb-8c10-5fa30bd02e57_0,,,,Free
meulindo_A_serene_wooded_area_unfolds_before_the_viewer_with__40c02e80-e86d-40eb-8c10-5fa30bd02e57_1,,,,Free
meulindo_A_serene_wooded_area_unfolds_before_the_viewer_with__40c02e80-e86d-40eb-8c10-5fa30bd02e57_2,,,,Free
meulindo_A_serene_wooded_area_unfolds_before_the_viewer_with__40c02e80-e86d-40eb-8c10-5fa30bd02e57_3,,,,Free
meulindo_A_serene_wooded_clearing_bathed_in_the_warm_glow_of__0a4e62cf-cf31-4c2d-9a5f-c69a0af60f6e_0,,,,Free
meulindo_A_serene_wooded_clearing_bathed_in_the_warm_glow_of__0a4e62cf-cf31-4c2d-9a5f-c69a0af60f6e_3,,,,Free
meulindo_A_serene_yoga_studio_bathed_in_soft_natural_light_of_925261e9-8e01-4d6b-a2e0-7de72f242f43_0,,,,Free
meulindo_A_serene_yoga_studio_bathed_in_soft_natural_light_of_925261e9-8e01-4d6b-a2e0-7de72f242f43_1,,,,Free
meulindo_A_serene_yoga_studio_bathed_in_soft_natural_light_of_925261e9-8e01-4d6b-a2e0-7de72f242f43_2,,,,Free
meulindo_A_serene_yoga_studio_bathed_in_soft_natural_light_of_925261e9-8e01-4d6b-a2e0-7de72f242f43_3,,,,Free
meulindo_A_serene_yoga_studio_bathed_in_soft_natural_light_of_a9f94f1a-2bf7-45b1-9560-a8744be3fabf_0,,,,Free
meulindo_A_serene_yoga_studio_bathed_in_soft_natural_light_of_a9f94f1a-2bf7-45b1-9560-a8744be3fabf_1,,,,Free
meulindo_A_serene_yoga_studio_bathed_in_soft_natural_light_of_a9f94f1a-2bf7-45b1-9560-a8744be3fabf_2,,,,Free
meulindo_A_serene_yoga_studio_bathed_in_soft_natural_light_of_a9f94f1a-2bf7-45b1-9560-a8744be3fabf_3,,,,Free
meulindo_A_serene_yoga_studio_bathed_in_soft_natural_light_of_d5c50e5e-a8fe-4abe-8a8a-bc364def6f4d_0,,,,Free
meulindo_A_serene_yoga_studio_bathed_in_soft_natural_light_of_d5c50e5e-a8fe-4abe-8a8a-bc364def6f4d_1,,,,Free
meulindo_A_serene_yoga_studio_bathed_in_soft_natural_light_of_d5c50e5e-a8fe-4abe-8a8a-bc364def6f4d_3,,,,Free
meulindo_A_serene_yoga_studio_filled_with_soft_natural_light__3050c041-6a15-41d4-a576-605b9cad5f78_1,,,,Free
meulindo_A_serene_yoga_studio_filled_with_soft_natural_light__3050c041-6a15-41d4-a576-605b9cad5f78_2,,,,Free
meulindo_A_serene_yoga_studio_with_soft_diffused_natural_ligh_b647d420-7242-44bf-807c-52da849bb46d_0,,,,Free
meulindo_A_serene_yoga_studio_with_soft_diffused_natural_ligh_b647d420-7242-44bf-807c-52da849bb46d_1,,,,Free
meulindo_A_serene_yoga_studio_with_soft_diffused_natural_ligh_b647d420-7242-44bf-807c-52da849bb46d_2,,,,Free
meulindo_A_serene_yoga_studio_with_soft_diffused_natural_ligh_b647d420-7242-44bf-807c-52da849bb46d_3,,,,Free
meulindo_A_series_of_diverse_individuals_are_depicted_engagin_783a3a2b-8f92-4aaa-9198-064e39e3d44e_0,,,,Free
meulindo_A_series_of_diverse_individuals_are_depicted_engagin_783a3a2b-8f92-4aaa-9198-064e39e3d44e_1,,,,Free
meulindo_A_series_of_diverse_individuals_are_depicted_engagin_783a3a2b-8f92-4aaa-9198-064e39e3d44e_3,,,,Free
meulindo_A_series_of_images_capture_a_range_of_emotions_and_m_0a88c94b-8144-4677-a7af-3029595297dc_0,,,,Free
meulindo_A_series_of_images_capture_a_range_of_emotions_and_m_0a88c94b-8144-4677-a7af-3029595297dc_1,,,,Free
meulindo_A_series_of_images_capture_a_range_of_emotions_and_m_0a88c94b-8144-4677-a7af-3029595297dc_2,,,,Free
meulindo_A_series_of_images_capture_a_range_of_emotions_and_m_0a88c94b-8144-4677-a7af-3029595297dc_3,,,,Free
meulindo_A_series_of_images_could_portray_individuals_navigat_bda37f7c-3607-47b0-816c-c2c024a986c0_0,,,,Free
meulindo_A_series_of_images_could_portray_individuals_navigat_bda37f7c-3607-47b0-816c-c2c024a986c0_1,,,,Free
meulindo_A_series_of_images_could_portray_individuals_navigat_bda37f7c-3607-47b0-816c-c2c024a986c0_2,,,,Free
meulindo_A_series_of_images_could_portray_individuals_navigat_bda37f7c-3607-47b0-816c-c2c024a986c0_3,,,,Free
meulindo_A_series_of_images_showcasing_a_diverse_group_of_peo_0c5f9b56-93cc-40d6-a820-35c9d6f718bc_3,,,,Free
meulindo_A_series_of_images_showcasing_individuals_in_various_a1f5bafe-ecb0-495b-bbbf-b2b4e761b66b_0,,,,Free
meulindo_A_series_of_images_showcasing_individuals_in_various_bfa45ebc-a72d-4f92-a08f-5a874e661e70_2,,,,Free
meulindo_A_silhouette_of_a_figure_standing_on_a_cliff_edge_wi_e1d6a5a1-5fe0-4f7b-b1cd-2b2cefd35f88_0,,,,Free
meulindo_A_silhouette_of_a_figure_standing_on_a_cliff_edge_wi_e1d6a5a1-5fe0-4f7b-b1cd-2b2cefd35f88_1,,,,Free
meulindo_A_silhouette_of_a_figure_standing_on_a_cliff_edge_wi_e1d6a5a1-5fe0-4f7b-b1cd-2b2cefd35f88_2,,,,Free
meulindo_A_silhouette_of_a_figure_standing_on_a_cliff_edge_wi_e1d6a5a1-5fe0-4f7b-b1cd-2b2cefd35f88_3,,,,Free
meulindo_A_silhouette_of_a_lone_figure_stands_atop_a_rocky_cl_22550e71-b04b-45e7-a903-3df9ce92e83f_0,,,,Free
meulindo_A_silhouette_of_a_lone_figure_stands_atop_a_rocky_cl_22550e71-b04b-45e7-a903-3df9ce92e83f_1,,,,Free
meulindo_A_silhouette_of_a_lone_figure_stands_atop_a_rocky_cl_22550e71-b04b-45e7-a903-3df9ce92e83f_2,,,,Free
meulindo_A_silhouette_of_a_lone_figure_stands_atop_a_rocky_cl_22550e71-b04b-45e7-a903-3df9ce92e83f_3,,,,Free
meulindo_A_silhouette_of_a_lone_figure_stands_atop_a_rugged_w_25b11f16-69d8-4392-bc40-bae33c4a9fd2_0,,,,Free
meulindo_A_silhouette_of_a_lone_figure_stands_atop_a_rugged_w_25b11f16-69d8-4392-bc40-bae33c4a9fd2_1,,,,Free
meulindo_A_silhouette_of_a_lone_figure_stands_atop_a_rugged_w_25b11f16-69d8-4392-bc40-bae33c4a9fd2_2,,,,Free
meulindo_A_silhouette_of_a_lone_figure_stands_atop_a_rugged_w_25b11f16-69d8-4392-bc40-bae33c4a9fd2_3,,,,Free
meulindo_A_silhouette_of_a_person_is_seen_standing_alone_on_a_3540363e-b10d-4e4d-85a2-888892c96b56_0,,,,Free
meulindo_A_silhouette_of_a_person_is_seen_standing_alone_on_a_3540363e-b10d-4e4d-85a2-888892c96b56_1,,,,Free
meulindo_A_silhouette_of_a_person_is_seen_standing_alone_on_a_3540363e-b10d-4e4d-85a2-888892c96b56_2,,,,Free
meulindo_A_silhouette_of_a_person_is_seen_standing_alone_on_a_3540363e-b10d-4e4d-85a2-888892c96b56_3,,,,Free
meulindo_A_silhouette_of_a_person_standing_atop_a_rocky_cliff_85a58806-8f19-4ffc-bfaf-a4ad69105d21_0,,,,Free
meulindo_A_silhouette_of_a_person_standing_atop_a_rocky_cliff_85a58806-8f19-4ffc-bfaf-a4ad69105d21_1,,,,Free
meulindo_A_silhouette_of_a_person_standing_atop_a_rocky_cliff_85a58806-8f19-4ffc-bfaf-a4ad69105d21_2,,,,Free
meulindo_A_silhouette_of_a_person_standing_atop_a_rocky_cliff_85a58806-8f19-4ffc-bfaf-a4ad69105d21_3,,,,Free
meulindo_A_silhouette_of_a_person_standing_at_the_edge_of_a_c_74c869bd-91c3-4a97-ac45-10a74126a2b8_0,,,,Free
meulindo_A_silhouette_of_a_person_standing_at_the_edge_of_a_c_74c869bd-91c3-4a97-ac45-10a74126a2b8_1,,,,Free
meulindo_A_silhouette_of_a_person_standing_at_the_edge_of_a_c_74c869bd-91c3-4a97-ac45-10a74126a2b8_2,,,,Free
meulindo_A_silhouette_of_a_person_standing_at_the_edge_of_a_c_74c869bd-91c3-4a97-ac45-10a74126a2b8_3,,,,Free
meulindo_A_silhouette_of_a_person_standing_at_the_edge_of_a_r_482c9bca-ed0a-454f-adad-67ce2721fb67_0,,,,Free
meulindo_A_silhouette_of_a_person_standing_at_the_edge_of_a_r_482c9bca-ed0a-454f-adad-67ce2721fb67_1,,,,Free
meulindo_A_silhouette_of_a_person_standing_at_the_edge_of_a_r_482c9bca-ed0a-454f-adad-67ce2721fb67_2,,,,Free
meulindo_A_silhouette_of_a_person_standing_at_the_edge_of_a_r_482c9bca-ed0a-454f-adad-67ce2721fb67_3,,,,Free
meulindo_A_silhouette_of_a_person_standing_at_the_edge_of_a_r_d633bae4-8e6e-4bdb-8376-1377504d9a50_0,,,,Free
meulindo_A_silhouette_of_a_person_standing_at_the_edge_of_a_r_d633bae4-8e6e-4bdb-8376-1377504d9a50_1,,,,Free
meulindo_A_silhouette_of_a_person_standing_at_the_edge_of_a_r_d633bae4-8e6e-4bdb-8376-1377504d9a50_2,,,,Free
meulindo_A_silhouette_of_a_person_standing_at_the_edge_of_a_r_d633bae4-8e6e-4bdb-8376-1377504d9a50_3,,,,Free
meulindo_A_single_tree_stands_tall_and_strong_in_the_middle_o_02a7e23f-16d2-40fb-a8e6-83c9ac590056_0,,,,Free
meulindo_A_single_tree_stands_tall_and_strong_in_the_middle_o_02a7e23f-16d2-40fb-a8e6-83c9ac590056_1,,,,Free
meulindo_A_single_tree_stands_tall_and_strong_in_the_middle_o_02a7e23f-16d2-40fb-a8e6-83c9ac590056_2,,,,Free
meulindo_A_single_tree_stands_tall_and_strong_in_the_middle_o_02a7e23f-16d2-40fb-a8e6-83c9ac590056_3,,,,Free
meulindo_A_single_tree_stands_tall_in_a_barren_windswept_land_22583874-de58-46c9-bc67-67082bb76edb_2,,,,Free
meulindo_A_single_tree_stands_tall_in_a_barren_windswept_land_22583874-de58-46c9-bc67-67082bb76edb_3,,,,Free
meulindo_A_small_group_of_people_sit_in_a_circle_on_a_cozy_li_f38b254b-cce7-42b9-9fa4-891588ca6830_0,,,,Free
meulindo_A_soft_diffused_light_bathes_a_tranquil_space_castin_fb8566e8-6dae-477f-bf11-c123e13bf1f1_0,,,,Free
meulindo_A_soft_diffused_light_bathes_a_tranquil_space_castin_fb8566e8-6dae-477f-bf11-c123e13bf1f1_1,,,,Free
meulindo_A_solitary_figure_in_casual_clothing_stands_at_the_e_04a3c411-70aa-4e4c-9e9c-a06ea9fb1b75_0,,,,Free
meulindo_A_solitary_figure_in_casual_clothing_stands_at_the_e_04a3c411-70aa-4e4c-9e9c-a06ea9fb1b75_1,,,,Free
meulindo_A_solitary_figure_in_casual_clothing_stands_at_the_e_04a3c411-70aa-4e4c-9e9c-a06ea9fb1b75_2,,,,Free
meulindo_A_solitary_figure_in_casual_clothing_stands_at_the_e_04a3c411-70aa-4e4c-9e9c-a06ea9fb1b75_3,,,,Free
meulindo_A_solitary_figure_sits_crosslegged_on_a_bed_of_smoot_04ebe64b-28fb-431c-8be2-a5202786cebb_2,,,,Free
meulindo_A_solitary_figure_sits_crosslegged_on_a_rocky_outcro_270dbe15-3251-454e-919f-6965f33c7135_2,,,,Free
meulindo_A_solitary_figure_sits_crosslegged_on_a_rocky_outcro_270dbe15-3251-454e-919f-6965f33c7135_3,,,,Free
meulindo_A_solitary_figure_stands_atop_a_rocky_cliff_gazing_o_063d9372-583b-43d2-9fbb-82039a57b53e_0,,,,Free
meulindo_A_solitary_figure_stands_atop_a_rocky_cliff_gazing_o_063d9372-583b-43d2-9fbb-82039a57b53e_2,,,,Free
meulindo_A_solitary_figure_stands_atop_a_rocky_cliff_gazing_o_063d9372-583b-43d2-9fbb-82039a57b53e_3,,,,Free
meulindo_A_solitary_figure_stands_atop_a_rugged_mountain_peak_97b8e842-c39a-4e59-bbd7-8a3fe3f7a65e_1,,,,Free
meulindo_A_solitary_figure_stands_atop_a_rugged_mountain_peak_97b8e842-c39a-4e59-bbd7-8a3fe3f7a65e_2,,,,Free
meulindo_A_solitary_figure_stands_atop_a_rugged_mountain_peak_97b8e842-c39a-4e59-bbd7-8a3fe3f7a65e_3,,,,Free
meulindo_A_solitary_figure_stands_atop_a_rugged_mountain_the__076bb3e5-65c3-40cd-baa0-1c6d71a9ea29_0,,,,Free
meulindo_A_solitary_figure_stands_atop_a_rugged_mountain_the__076bb3e5-65c3-40cd-baa0-1c6d71a9ea29_1,,,,Free
meulindo_A_solitary_figure_stands_atop_a_rugged_mountain_the__076bb3e5-65c3-40cd-baa0-1c6d71a9ea29_2,,,,Free
meulindo_A_solitary_figure_stands_atop_a_rugged_mountain_the__076bb3e5-65c3-40cd-baa0-1c6d71a9ea29_3,,,,Free
meulindo_A_solitary_figure_stands_at_the_edge_of_a_cliff_over_1e5a582d-36fe-474b-a93f-9f688ba9dbee_1,,,,Free
meulindo_A_solitary_figure_stands_at_the_edge_of_a_cliff_over_1e5a582d-36fe-474b-a93f-9f688ba9dbee_2,,,,Free
meulindo_A_solitary_figure_stands_at_the_edge_of_a_cliff_over_1e5a582d-36fe-474b-a93f-9f688ba9dbee_3,,,,Free
meulindo_A_solitary_figure_stands_at_the_edge_of_a_forest_the_817e3403-a21b-4f18-98c8-516e9d47e659_0,,,,Free
meulindo_A_solitary_figure_stands_at_the_edge_of_a_forest_the_817e3403-a21b-4f18-98c8-516e9d47e659_1,,,,Free
meulindo_A_solitary_figure_stands_at_the_edge_of_a_forest_the_817e3403-a21b-4f18-98c8-516e9d47e659_2,,,,Free
meulindo_A_solitary_figure_stands_at_the_edge_of_a_forest_the_817e3403-a21b-4f18-98c8-516e9d47e659_3,,,,Free
meulindo_A_solitary_figure_stands_at_the_edge_of_a_lush_fores_29a8c460-683b-4450-8d82-f85a9f993478_0,,,,Free
meulindo_A_solitary_figure_stands_at_the_edge_of_a_lush_fores_29a8c460-683b-4450-8d82-f85a9f993478_1,,,,Free
meulindo_A_solitary_figure_stands_at_the_edge_of_a_lush_fores_29a8c460-683b-4450-8d82-f85a9f993478_2,,,,Free
meulindo_A_solitary_figure_stands_at_the_edge_of_a_lush_fores_29a8c460-683b-4450-8d82-f85a9f993478_3,,,,Free
meulindo_A_solitary_figure_stands_at_the_edge_of_a_rocky_clif_1f002dc4-85de-49cc-9262-e5fb2ca6d1ba_0,,,,Free
meulindo_A_solitary_figure_stands_at_the_edge_of_a_rocky_clif_1f002dc4-85de-49cc-9262-e5fb2ca6d1ba_1,,,,Free
meulindo_A_solitary_figure_stands_at_the_edge_of_a_rocky_clif_1f002dc4-85de-49cc-9262-e5fb2ca6d1ba_2,,,,Free
meulindo_A_solitary_figure_stands_at_the_edge_of_a_rocky_clif_1f002dc4-85de-49cc-9262-e5fb2ca6d1ba_3,,,,Free
meulindo_A_solitary_figure_stands_at_the_edge_of_a_rugged_cli_a0b1097c-07c8-4bc2-99b2-e7dc2947a457_0,,,,Free
meulindo_A_solitary_figure_stands_at_the_edge_of_a_rugged_cli_a0b1097c-07c8-4bc2-99b2-e7dc2947a457_1,,,,Free
meulindo_A_solitary_figure_stands_at_the_edge_of_a_rugged_cli_a0b1097c-07c8-4bc2-99b2-e7dc2947a457_2,,,,Free
meulindo_A_solitary_figure_stands_at_the_edge_of_a_rugged_cli_a0b1097c-07c8-4bc2-99b2-e7dc2947a457_3,,,,Free
meulindo_A_solitary_figure_stands_at_the_edge_of_a_rugged_cli_b471099a-a181-497c-a919-1ca5b8b6b955_0,,,,Free
meulindo_A_solitary_figure_stands_at_the_edge_of_a_rugged_cli_b471099a-a181-497c-a919-1ca5b8b6b955_1,,,,Free
meulindo_A_solitary_figure_stands_at_the_edge_of_a_rugged_cli_b471099a-a181-497c-a919-1ca5b8b6b955_2,,,,Free
meulindo_A_solitary_figure_stands_at_the_edge_of_a_rugged_cli_b471099a-a181-497c-a919-1ca5b8b6b955_3,,,,Free
meulindo_A_solitary_figure_stands_at_the_edge_of_a_rugged_coa_7b2bd6dd-8326-44f8-89e5-e15759137332_0,,,,Free
meulindo_A_solitary_figure_stands_at_the_edge_of_a_rugged_coa_7b2bd6dd-8326-44f8-89e5-e15759137332_1,,,,Free
meulindo_A_solitary_figure_stands_at_the_edge_of_a_rugged_coa_7b2bd6dd-8326-44f8-89e5-e15759137332_2,,,,Free
meulindo_A_solitary_figure_stands_at_the_edge_of_a_rugged_coa_7b2bd6dd-8326-44f8-89e5-e15759137332_3,,,,Free
meulindo_A_solitary_figure_stands_at_the_edge_of_a_tranquil_l_cea15fd0-a021-4f78-8b70-42f6bf89fa4d_0,,,,Free
meulindo_A_solitary_figure_stands_at_the_edge_of_a_tranquil_l_cea15fd0-a021-4f78-8b70-42f6bf89fa4d_1,,,,Free
meulindo_A_solitary_figure_stands_at_the_edge_of_a_tranquil_l_cea15fd0-a021-4f78-8b70-42f6bf89fa4d_2,,,,Free
meulindo_A_solitary_figure_stands_at_the_edge_of_a_tranquil_l_cea15fd0-a021-4f78-8b70-42f6bf89fa4d_3,,,,Free
meulindo_A_solitary_figure_stands_on_a_cliff_overlooking_a_va_c9935ede-bba9-4e45-b411-e2dae27d0a1f_0,,,,Free
meulindo_A_solitary_figure_stands_on_a_cliff_overlooking_a_va_c9935ede-bba9-4e45-b411-e2dae27d0a1f_1,,,,Free
meulindo_A_solitary_figure_stands_on_a_cliff_overlooking_a_va_c9935ede-bba9-4e45-b411-e2dae27d0a1f_2,,,,Free
meulindo_A_solitary_figure_stands_on_a_cliff_overlooking_a_va_c9935ede-bba9-4e45-b411-e2dae27d0a1f_3,,,,Free
meulindo_A_solitary_figure_stands_on_a_rugged_cliff_edge_over_98889f8a-b9a0-42be-a78a-b9f84c863c02_0,,,,Free
meulindo_A_solitary_figure_stands_on_a_rugged_cliff_edge_over_98889f8a-b9a0-42be-a78a-b9f84c863c02_1,,,,Free
meulindo_A_solitary_figure_stands_on_a_rugged_cliff_edge_over_98889f8a-b9a0-42be-a78a-b9f84c863c02_2,,,,Free
meulindo_A_solitary_figure_stands_on_a_rugged_cliff_edge_over_98889f8a-b9a0-42be-a78a-b9f84c863c02_3,,,,Free
meulindo_A_solitary_figure_stands_on_the_edge_of_a_rugged_cli_486ce6e8-44f1-478a-a4e9-5a037973f853_0,,,,Free
meulindo_A_solitary_figure_stands_on_the_edge_of_a_rugged_cli_486ce6e8-44f1-478a-a4e9-5a037973f853_1,,,,Free
meulindo_A_solitary_figure_stands_on_the_edge_of_a_rugged_cli_486ce6e8-44f1-478a-a4e9-5a037973f853_2,,,,Free
meulindo_A_solitary_figure_stands_on_the_edge_of_a_rugged_cli_486ce6e8-44f1-478a-a4e9-5a037973f853_3,,,,Free
meulindo_A_solitary_figure_stands_on_the_edge_of_a_rugged_cli_b489cee3-c71d-4e70-ab51-467f87699e0d_0,,,,Free
meulindo_A_solitary_figure_stands_on_the_edge_of_a_rugged_cli_b489cee3-c71d-4e70-ab51-467f87699e0d_1,,,,Free
meulindo_A_solitary_figure_stands_on_the_edge_of_a_rugged_cli_b489cee3-c71d-4e70-ab51-467f87699e0d_2,,,,Free
meulindo_A_solitary_figure_stands_on_the_edge_of_a_rugged_cli_b489cee3-c71d-4e70-ab51-467f87699e0d_3,,,,Free
meulindo_A_solitary_figure_stands_on_the_edge_of_a_rugged_cli_f4210b6e-0e10-44a6-8943-3b288a42b729_0,,,,Free
meulindo_A_solitary_figure_stands_on_the_edge_of_a_rugged_cli_f4210b6e-0e10-44a6-8943-3b288a42b729_1,,,,Free
meulindo_A_solitary_figure_stands_on_the_edge_of_a_rugged_cli_f4210b6e-0e10-44a6-8943-3b288a42b729_2,,,,Free
meulindo_A_solitary_figure_stands_on_the_edge_of_a_rugged_cli_f4210b6e-0e10-44a6-8943-3b288a42b729_3,,,,Free
meulindo_A_solitary_tree_stands_tall_in_the_midst_of_a_barren_9d0d9a8a-d8df-4d6a-ae08-dce8958af2e3_0,,,,Free
meulindo_A_solitary_tree_stands_tall_in_the_midst_of_a_barren_9d0d9a8a-d8df-4d6a-ae08-dce8958af2e3_1,,,,Free
meulindo_A_solitary_tree_stands_tall_in_the_midst_of_a_barren_9d0d9a8a-d8df-4d6a-ae08-dce8958af2e3_2,,,,Free
meulindo_A_solitary_tree_stands_tall_in_the_midst_of_a_barren_9d0d9a8a-d8df-4d6a-ae08-dce8958af2e3_3,,,,Free
meulindo_A_tranquil_lakeside_setting_enveloped_by_misty_early_9ab8b1c1-3376-4e43-9cd8-33879b12102d_0,,,,Free
meulindo_A_tranquil_lakeside_setting_enveloped_by_misty_early_9ab8b1c1-3376-4e43-9cd8-33879b12102d_1,,,,Free
meulindo_A_tranquil_lakeside_setting_enveloped_by_misty_early_9ab8b1c1-3376-4e43-9cd8-33879b12102d_3,,,,Free
meulindo_A_tranquil_scene_featuring_a_person_doing_yoga_on_a__d1bab819-792f-4014-aed2-f44db411a532_0,,,,Free
meulindo_A_tranquil_scene_featuring_a_person_doing_yoga_on_a__d1bab819-792f-4014-aed2-f44db411a532_1,,,,Free
meulindo_A_tranquil_scene_featuring_a_person_doing_yoga_on_a__d1bab819-792f-4014-aed2-f44db411a532_3,,,,Free
meulindo_A_tranquil_secluded_forest_clearing_bathed_in_soft_g_8e486de8-6eb0-42a6-a9bc-4a80f9fb8f34_0,,,,Free
meulindo_A_tranquil_secluded_forest_clearing_bathed_in_soft_g_8e486de8-6eb0-42a6-a9bc-4a80f9fb8f34_1,,,,Free
meulindo_A_tranquil_secluded_forest_clearing_bathed_in_soft_g_8e486de8-6eb0-42a6-a9bc-4a80f9fb8f34_2,,,,Free
meulindo_A_tranquil_secluded_forest_clearing_bathed_in_soft_g_8e486de8-6eb0-42a6-a9bc-4a80f9fb8f34_3,,,,Free
meulindo_A_tranquil_sundappled_forest_clearing_provides_a_sen_90799d38-65a8-49d7-90ef-bd91cc8ca303_0,,,,Free
meulindo_A_tranquil_sundappled_forest_clearing_provides_a_sen_90799d38-65a8-49d7-90ef-bd91cc8ca303_1,,,,Free
meulindo_A_tranquil_sundappled_forest_clearing_provides_a_sen_90799d38-65a8-49d7-90ef-bd91cc8ca303_2,,,,Free
meulindo_A_tranquil_sundrenched_beach_provides_the_backdrop_f_4092866d-2678-40ff-b5e5-26f6ea94b1b6_0,,,,Free
meulindo_A_tranquil_sundrenched_beach_provides_the_backdrop_f_4092866d-2678-40ff-b5e5-26f6ea94b1b6_1,,,,Free
meulindo_A_tranquil_sundrenched_beach_provides_the_backdrop_f_4092866d-2678-40ff-b5e5-26f6ea94b1b6_2,,,,Free
meulindo_A_tranquil_sundrenched_beach_provides_the_backdrop_f_4092866d-2678-40ff-b5e5-26f6ea94b1b6_3,,,,Free
meulindo_A_variety_of_settings_and_scenarios_showcase_the_ful_0ea60c14-ef89-43d7-bc19-cff7c3b6d9c4_1,,,,Free
meulindo_A_variety_of_settings_and_scenarios_showcase_the_ful_0ea60c14-ef89-43d7-bc19-cff7c3b6d9c4_3,,,,Free
meulindo_A_winding_road_stretches_into_the_distance_disappear_c70e88a6-403d-492f-8547-2861c41b3a58_0,,,,Free
meulindo_A_winding_road_stretches_into_the_distance_disappear_c70e88a6-403d-492f-8547-2861c41b3a58_1,,,,Free
meulindo_A_winding_road_stretches_into_the_distance_disappear_c70e88a6-403d-492f-8547-2861c41b3a58_2,,,,Free
meulindo_A_winding_road_stretches_into_the_distance_disappear_c70e88a6-403d-492f-8547-2861c41b3a58_3,,,,Free
meulindo_A_woman_in_athletic_wear_stands_confidently_at_the_e_0548b48d-564f-489b-a0c4-ec5138c47981_0,,,,Free
meulindo_A_woman_in_athletic_wear_stands_confidently_at_the_e_0548b48d-564f-489b-a0c4-ec5138c47981_2,,,,Free
meulindo_A_woman_in_athletic_wear_stands_confidently_at_the_e_0548b48d-564f-489b-a0c4-ec5138c47981_3,,,,Free
meulindo_A_woman_sits_alone_on_a_cozy_window_seat_surrounded__f0670e38-de45-47af-98bb-d6f92c82a695_0,,,,Free
meulindo_A_woman_stands_on_a_rocky_beach_at_sunset_her_silhou_6b95d4a8-c661-4dc8-a2d1-1c5f990d3f0e_0,,,,Free
meulindo_A_woman_stands_on_a_rocky_beach_at_sunset_her_silhou_6b95d4a8-c661-4dc8-a2d1-1c5f990d3f0e_1,,,,Free
meulindo_A_woman_stands_on_a_rocky_beach_at_sunset_her_silhou_6b95d4a8-c661-4dc8-a2d1-1c5f990d3f0e_2,,,,Free
meulindo_A_woman_stands_on_a_rocky_beach_at_sunset_her_silhou_6b95d4a8-c661-4dc8-a2d1-1c5f990d3f0e_3,,,,Free
meulindo_A_young_woman_sits_alone_on_a_park_bench_surrounded__bc433670-7ddb-4efd-906f-141c654cbe18_0,,,,Free
meulindo_A_young_woman_sits_alone_on_a_park_bench_surrounded__bc433670-7ddb-4efd-906f-141c654cbe18_1,,,,Free
meulindo_A_young_woman_sits_alone_on_a_park_bench_surrounded__bc433670-7ddb-4efd-906f-141c654cbe18_2,,,,Free
meulindo_Employees_gather_in_a_bright_airy_office_space_engag_4c8beeed-28b2-462d-aca2-ad4fb8c93464_3,,,,Free
meulindo_In_a_modern_office_setting_a_diverse_group_of_profes_994254ec-a14c-43d7-8fa1-d881bbba7803_2,,,,Free
meulindo_In_a_serene_forest_clearing_soft_sunlight_filters_th_62b9cbcd-6119-4749-a10b-f6d9849e3269_0,,,,Free
meulindo_In_a_serene_setting_a_person_sits_crosslegged_on_a_l_ce562a61-02bd-49ef-8237-934efeb3853a_0,,,,Free
meulindo_The_serene_forest_envelops_the_figures_in_a_blanket__7b26dbfd-21ba-440f-a4a5-18a45a5257b4_0,,,,Free
meulindo_The_serene_forest_envelops_the_figures_in_a_blanket__7b26dbfd-21ba-440f-a4a5-18a45a5257b4_1,,,,Free
